week_start,week_end,rank,title,weeks_in_top10,views,runtime,hours_viewed
2021-06-28,2021-07-04,1,Sex/Life: Season 1,10,,,86730000
2021-06-28,2021-07-04,2,Too Hot to Handle: Season 2,3,,,62150000
2021-06-28,2021-07-04,3,Manifest: Season 1,25,,,36330000
2021-06-28,2021-07-04,4,Sweet Tooth: Season 1,5,,,21350000
2021-06-28,2021-07-04,5,Manifest: Season 2,9,,,21330000
2021-06-28,2021-07-04,6,Lucifer: Season 5,5,,,16890000
2021-06-28,2021-07-04,7,Pokémon Journeys: The Series: Part 1,2,,,15350000
2021-06-28,2021-07-04,8,Sophie: A Murder in West Cork: Limited Series,1,,,12800000
2021-06-28,2021-07-04,9,CoComelon: Season 3,5,,,11430000
2021-06-28,2021-07-04,10,Lucifer: Season 3,1,,,9550000
2021-07-05,2021-07-11,1,Sex/Life: Season 1,10,,,69860000
2021-07-05,2021-07-11,2,Virgin River: Season 3,6,,,62580000
2021-07-05,2021-07-11,3,Too Hot to Handle: Season 2,3,,,33420000
2021-07-05,2021-07-11,4,Manifest: Season 1,25,,,31940000
2021-07-05,2021-07-11,5,Pokémon Journeys: The Series: Part 1,2,,,21870000
2021-07-05,2021-07-11,6,Atypical: Season 4,3,,,20620000
2021-07-05,2021-07-11,7,Manifest: Season 2,9,,,20070000
2021-07-05,2021-07-11,8,Virgin River: Season 1,4,,,13590000
2021-07-05,2021-07-11,9,Lucifer: Season 5,5,,,13440000
2021-07-05,2021-07-11,10,Sweet Tooth: Season 1,5,,,13100000
2021-07-12,2021-07-18,1,Virgin River: Season 3,6,,,87270000
2021-07-12,2021-07-18,2,Never Have I Ever: Season 2,4,,,58380000
2021-07-12,2021-07-18,3,Sex/Life: Season 1,10,,,45000000
2021-07-12,2021-07-18,4,Atypical: Season 4,3,,,29680000
2021-07-12,2021-07-18,5,Manifest: Season 1,25,,,21350000
2021-07-12,2021-07-18,6,Virgin River: Season 1,4,,,20080000
2021-07-12,2021-07-18,7,The Good Doctor: Season 1,7,,,18980000
2021-07-12,2021-07-18,8,Heist: Season 1,2,,,18710000
2021-07-12,2021-07-18,9,Virgin River: Season 2,2,,,17000000
2021-07-12,2021-07-18,10,Too Hot to Handle: Season 2,3,,,16110000
2021-07-19,2021-07-25,1,Never Have I Ever: Season 2,4,,,50190000
2021-07-19,2021-07-25,2,Virgin River: Season 3,6,,,44890000
2021-07-19,2021-07-25,3,Sex/Life: Season 1,10,,,31200000
2021-07-19,2021-07-25,4,The Good Doctor: Season 1,7,,,25520000
2021-07-19,2021-07-25,5,Never Have I Ever: Season 1,3,,,17400000
2021-07-19,2021-07-25,6,Manifest: Season 1,25,,,16220000
2021-07-19,2021-07-25,7,Atypical: Season 4,3,,,15920000
2021-07-19,2021-07-25,8,Heist: Season 1,2,,,15390000
2021-07-19,2021-07-25,9,Virgin River: Season 1,4,,,14360000
2021-07-19,2021-07-25,10,Virgin River: Season 2,2,,,13770000
2021-07-26,2021-08-01,1,Outer Banks: Season 2,9,,,100160000
2021-07-26,2021-08-01,2,All American: Season 3,5,,,43970000
2021-07-26,2021-08-01,3,Virgin River: Season 3,6,,,28320000
2021-07-26,2021-08-01,4,Outer Banks: Season 1,9,,,26240000
2021-07-26,2021-08-01,5,Never Have I Ever: Season 2,4,,,23570000
2021-07-26,2021-08-01,6,Sex/Life: Season 1,10,,,21620000
2021-07-26,2021-08-01,7,Love Is Blind: S1: Atlanta,1,,,19370000
2021-07-26,2021-08-01,8,The Good Doctor: Season 1,7,,,18510000
2021-07-26,2021-08-01,9,The Walking Dead: Season 10,1,,,15050000
2021-07-26,2021-08-01,10,The Good Doctor: Season 2,1,,,13240000
2021-08-02,2021-08-08,1,Outer Banks: Season 2,9,,,105330000
2021-08-02,2021-08-08,2,Outer Banks: Season 1,9,,,45080000
2021-08-02,2021-08-08,3,All American: Season 3,5,,,33020000
2021-08-02,2021-08-08,4,Hit & Run: Season 1,4,,,23570000
2021-08-02,2021-08-08,5,Cocaine Cowboys: The Kings of Miami: Limited Series,2,,,18890000
2021-08-02,2021-08-08,6,Virgin River: Season 3,6,,,18840000
2021-08-02,2021-08-08,7,Top Secret UFO Projects: Declassified: Season 1,1,,,17040000
2021-08-02,2021-08-08,8,Sex/Life: Season 1,10,,,15500000
2021-08-02,2021-08-08,9,The Good Doctor: Season 1,7,,,14090000
2021-08-02,2021-08-08,10,Car Masters: Rust to Riches: Season 3,1,,,13930000
2021-08-09,2021-08-15,1,Outer Banks: Season 2,9,,,51600000
2021-08-09,2021-08-15,2,Hit & Run: Season 1,4,,,45190000
2021-08-09,2021-08-15,3,Outer Banks: Season 1,9,,,30390000
2021-08-09,2021-08-15,4,All American: Season 3,5,,,20870000
2021-08-09,2021-08-15,5,Cocaine Cowboys: The Kings of Miami: Limited Series,2,,,13870000
2021-08-09,2021-08-15,6,For Life: Season 1,3,,,13790000
2021-08-09,2021-08-15,7,Virgin River: Season 3,6,,,13220000
2021-08-09,2021-08-15,8,Gabby's Dollhouse: Season 2,2,,,13170000
2021-08-09,2021-08-15,9,Sex/Life: Season 1,10,,,12190000
2021-08-09,2021-08-15,10,The Good Doctor: Season 1,7,,,11810000
2021-08-16,2021-08-22,1,Outer Banks: Season 2,9,,,31800000
2021-08-16,2021-08-22,2,Hit & Run: Season 1,4,,,20660000
2021-08-16,2021-08-22,3,Outer Banks: Season 1,9,,,20300000
2021-08-16,2021-08-22,4,All American: Season 3,5,,,14990000
2021-08-16,2021-08-22,5,For Life: Season 1,3,,,14540000
2021-08-16,2021-08-22,6,Bake Squad: Season 1,1,,,13220000
2021-08-16,2021-08-22,7,Gabby's Dollhouse: Season 2,2,,,12180000
2021-08-16,2021-08-22,8,Brand New Cherry Flavor: Limited Series,1,,,11140000
2021-08-16,2021-08-22,9,CoComelon: Season 3,5,,,10990000
2021-08-16,2021-08-22,10,The Good Doctor: Season 1,7,,,10430000
2021-08-23,2021-08-29,1,Clickbait: Limited Series,6,,,51280000
2021-08-23,2021-08-29,2,Outer Banks: Season 2,9,,,20790000
2021-08-23,2021-08-29,3,Manifest: Season 3,8,,,17740000
2021-08-23,2021-08-29,4,The Chair: Season 1,1,,,14020000
2021-08-23,2021-08-29,5,Outer Banks: Season 1,9,,,13860000
2021-08-23,2021-08-29,6,Manifest: Season 1,25,,,12410000
2021-08-23,2021-08-29,7,For Life: Season 1,3,,,11180000
2021-08-23,2021-08-29,8,CoComelon: Season 3,5,,,11030000
2021-08-23,2021-08-29,9,All American: Season 3,5,,,10480000
2021-08-23,2021-08-29,10,Hit & Run: Season 1,4,,,10090000
2021-08-30,2021-09-05,1,Clickbait: Limited Series,6,,,76540000
2021-08-30,2021-09-05,2,Good Girls: Season 4,6,,,37580000
2021-08-30,2021-09-05,3,Turning Point: 9/11 and the War on Terror: Limited Series,3,,,24050000
2021-08-30,2021-09-05,4,Manifest: Season 3,8,,,15660000
2021-08-30,2021-09-05,5,The 100: Season 7,2,,,13590000
2021-08-30,2021-09-05,6,Outer Banks: Season 2,9,,,12910000
2021-08-30,2021-09-05,7,CoComelon: Season 3,5,,,11050000
2021-08-30,2021-09-05,8,Manifest: Season 1,25,,,10320000
2021-08-30,2021-09-05,9,Good Girls: Season 1,1,,,9590000
2021-08-30,2021-09-05,10,CoComelon: Season 1,2,,,9140000
2021-09-06,2021-09-12,1,Lucifer: Season 6,5,,,75940000
2021-09-06,2021-09-12,2,Clickbait: Limited Series,6,,,54420000
2021-09-06,2021-09-12,3,Turning Point: 9/11 and the War on Terror: Limited Series,3,,,37910000
2021-09-06,2021-09-12,4,Good Girls: Season 4,6,,,31750000
2021-09-06,2021-09-12,5,Sharkdog: Season 1,2,,,19590000
2021-09-06,2021-09-12,6,The 100: Season 7,2,,,12990000
2021-09-06,2021-09-12,7,Lucifer: Season 5,5,,,12260000
2021-09-06,2021-09-12,8,Octonauts: Above & Beyond: Season 1,1,,,11730000
2021-09-06,2021-09-12,9,Dive Club: Season 1,1,,,11480000
2021-09-06,2021-09-12,10,Manifest: Season 3,8,,,11150000
2021-09-13,2021-09-19,1,Sex Education: Season 3,6,,,125770000
2021-09-13,2021-09-19,2,Lucifer: Season 6,5,,,98140000
2021-09-13,2021-09-19,3,Clickbait: Limited Series,6,,,35020000
2021-09-13,2021-09-19,4,Good Girls: Season 4,6,,,19310000
2021-09-13,2021-09-19,5,Turning Point: 9/11 and the War on Terror: Limited Series,3,,,18720000
2021-09-13,2021-09-19,6,Lucifer: Season 5,5,,,16240000
2021-09-13,2021-09-19,7,Sex Education: Season 1,4,,,14880000
2021-09-13,2021-09-19,8,The Circle: Season 3,2,,,14350000
2021-09-13,2021-09-19,9,Sharkdog: Season 1,2,,,14180000
2021-09-13,2021-09-19,10,Lucifer: Season 1,1,,,11560000
2021-09-20,2021-09-26,1,Sex Education: Season 3,6,,,160420000
2021-09-20,2021-09-26,2,Lucifer: Season 6,5,,,42990000
2021-09-20,2021-09-26,3,Midnight Mass: Limited Series,4,,,33200000
2021-09-20,2021-09-26,4,Sex Education: Season 1,4,,,27380000
2021-09-20,2021-09-26,5,Clickbait: Limited Series,6,,,22150000
2021-09-20,2021-09-26,6,Sex Education: Season 2,3,,,22030000
2021-09-20,2021-09-26,7,The Circle: Season 3,2,,,15850000
2021-09-20,2021-09-26,8,Monsters Inside: The 24 Faces of Billy Milligan: Limited Series,1,,,15150000
2021-09-20,2021-09-26,9,Good Girls: Season 4,6,,,12920000
2021-09-20,2021-09-26,10,Lucifer: Season 5,5,,,12180000
2021-09-27,2021-10-03,1,Sex Education: Season 3,6,,,72870000
2021-09-27,2021-10-03,2,Maid: Limited Series,14,,,61080000
2021-09-27,2021-10-03,3,Midnight Mass: Limited Series,4,,,59120000
2021-09-27,2021-10-03,4,Lucifer: Season 6,5,,,25110000
2021-09-27,2021-10-03,5,Grey's Anatomy: Season 17,3,,,18680000
2021-09-27,2021-10-03,6,Sex Education: Season 1,4,,,18420000
2021-09-27,2021-10-03,7,Sex Education: Season 2,3,,,18140000
2021-09-27,2021-10-03,8,Blood & Water: Season 2,1,,,15870000
2021-09-27,2021-10-03,9,Clickbait: Limited Series,6,,,13210000
2021-09-27,2021-10-03,10,CoComelon: Season 3,5,,,10690000
2021-10-04,2021-10-10,1,Maid: Limited Series,14,,,166520000
2021-10-04,2021-10-10,2,On My Block: Season 4,2,,,63520000
2021-10-04,2021-10-10,3,Sex Education: Season 3,6,,,42120000
2021-10-04,2021-10-10,4,Grey's Anatomy: Season 17,3,,,29650000
2021-10-04,2021-10-10,5,Midnight Mass: Limited Series,4,,,29020000
2021-10-04,2021-10-10,6,PAW Patrol: Season 6,2,,,19910000
2021-10-04,2021-10-10,7,Lucifer: Season 6,5,,,16730000
2021-10-04,2021-10-10,8,Dave Chappelle: The Closer,1,,,14350000
2021-10-04,2021-10-10,9,Sex Education: Season 2,3,,,12760000
2021-10-04,2021-10-10,10,Scaredy Cats: Season 1,1,,,12520000
2021-10-11,2021-10-17,1,You: Season 3,10,,,133120000
2021-10-11,2021-10-17,2,Maid: Limited Series,14,,,129280000
2021-10-11,2021-10-17,3,Sex Education: Season 3,6,,,28190000
2021-10-11,2021-10-17,4,Shameless (U.S.): Season 11,1,,,23530000
2021-10-11,2021-10-17,5,You: Season 1,10,,,23050000
2021-10-11,2021-10-17,6,Midnight Mass: Limited Series,4,,,20940000
2021-10-11,2021-10-17,7,A Tale Dark & Grimm: Limited Series,1,,,18730000
2021-10-11,2021-10-17,8,On My Block: Season 4,2,,,17360000
2021-10-11,2021-10-17,9,The Baby-Sitters Club: Season 2,1,,,17030000
2021-10-11,2021-10-17,10,Grey's Anatomy: Season 17,3,,,15990000
2021-10-18,2021-10-24,1,You: Season 3,10,,,179000000
2021-10-18,2021-10-24,2,Maid: Limited Series,14,,,79040000
2021-10-18,2021-10-24,3,You: Season 1,10,,,44810000
2021-10-18,2021-10-24,4,Locke & Key: Season 2,5,,,35530000
2021-10-18,2021-10-24,5,You: Season 2,6,,,33120000
2021-10-18,2021-10-24,6,Dynasty: Season 4,6,,,19970000
2021-10-18,2021-10-24,7,Sex Education: Season 3,6,,,18380000
2021-10-18,2021-10-24,8,CoComelon: Season 4,5,,,15930000
2021-10-18,2021-10-24,9,Another Life: Season 2,1,,,15760000
2021-10-18,2021-10-24,10,Locke & Key: Season 1,3,,,15710000
2021-10-25,2021-10-31,1,You: Season 3,10,,,82790000
2021-10-25,2021-10-31,2,Maid: Limited Series,14,,,56700000
2021-10-25,2021-10-31,3,Locke & Key: Season 2,5,,,56490000
2021-10-25,2021-10-31,4,Dynasty: Season 4,6,,,47820000
2021-10-25,2021-10-31,5,Maya and the Three: Limited Series,2,,,34000000
2021-10-25,2021-10-31,6,You: Season 1,10,,,29880000
2021-10-25,2021-10-31,7,You: Season 2,6,,,28050000
2021-10-25,2021-10-31,8,Locke & Key: Season 1,3,,,24590000
2021-10-25,2021-10-31,9,Inside Job: Part 1,1,,,21240000
2021-10-25,2021-10-31,10,CoComelon: Season 4,5,,,13710000
2021-11-01,2021-11-07,1,You: Season 3,10,,,52590000
2021-11-01,2021-11-07,2,Maid: Limited Series,14,,,41290000
2021-11-01,2021-11-07,3,Locke & Key: Season 2,5,,,32250000
2021-11-01,2021-11-07,4,Dynasty: Season 4,6,,,32050000
2021-11-01,2021-11-07,5,Narcos: Mexico: Season 3,4,,,28150000
2021-11-01,2021-11-07,6,You: Season 2,6,,,21660000
2021-11-01,2021-11-07,7,Maya and the Three: Limited Series,2,,,21470000
2021-11-01,2021-11-07,8,You: Season 1,10,,,20910000
2021-11-01,2021-11-07,9,Big Mouth: Season 5,3,,,19570000
2021-11-01,2021-11-07,10,Locke & Key: Season 1,3,,,15950000
2021-11-08,2021-11-14,1,Narcos: Mexico: Season 3,4,,,50290000
2021-11-08,2021-11-14,2,Arcane: Season 1,9,,,34170000
2021-11-08,2021-11-14,3,You: Season 3,10,,,33720000
2021-11-08,2021-11-14,4,Maid: Limited Series,14,,,29480000
2021-11-08,2021-11-14,5,Big Mouth: Season 5,3,,,25390000
2021-11-08,2021-11-14,6,Dynasty: Season 4,6,,,21020000
2021-11-08,2021-11-14,7,Locke & Key: Season 2,5,,,18770000
2021-11-08,2021-11-14,8,Narcos: Mexico: Season 1,1,,,15570000
2021-11-08,2021-11-14,9,You: Season 2,6,,,15520000
2021-11-08,2021-11-14,10,You: Season 1,10,,,14570000
2021-11-15,2021-11-21,1,Arcane: Season 1,9,,,38420000
2021-11-15,2021-11-21,2,Tiger King 2,2,,,30030000
2021-11-15,2021-11-21,3,Narcos: Mexico: Season 3,4,,,27540000
2021-11-15,2021-11-21,4,Maid: Limited Series,14,,,23920000
2021-11-15,2021-11-21,5,You: Season 3,10,,,23460000
2021-11-15,2021-11-21,6,Cowboy Bebop: Season 1,3,,,21630000
2021-11-15,2021-11-21,7,Dynasty: Season 4,6,,,15060000
2021-11-15,2021-11-21,8,Locke & Key: Season 2,5,,,12340000
2021-11-15,2021-11-21,9,You: Season 2,6,,,11670000
2021-11-15,2021-11-21,10,Big Mouth: Season 5,3,,,11410000
2021-11-22,2021-11-28,1,True Story: Limited Series,3,,,48850000
2021-11-22,2021-11-28,2,Cowboy Bebop: Season 1,3,,,36950000
2021-11-22,2021-11-28,3,Selling Sunset: Season 4,3,,,33080000
2021-11-22,2021-11-28,4,Arcane: Season 1,9,,,29660000
2021-11-22,2021-11-28,5,Maid: Limited Series,14,,,20490000
2021-11-22,2021-11-28,6,Narcos: Mexico: Season 3,4,,,17430000
2021-11-22,2021-11-28,7,You: Season 3,10,,,17070000
2021-11-22,2021-11-28,8,Tiger King 2,2,,,16430000
2021-11-22,2021-11-28,9,CoComelon: Season 4,5,,,11050000
2021-11-22,2021-11-28,10,Dynasty: Season 4,6,,,10560000
2021-11-29,2021-12-05,1,Lost in Space: Season 3,4,,,47380000
2021-11-29,2021-12-05,2,True Story: Limited Series,3,,,29810000
2021-11-29,2021-12-05,3,Selling Sunset: Season 4,3,,,23660000
2021-11-29,2021-12-05,4,Lost in Space: Season 1,3,,,20920000
2021-11-29,2021-12-05,5,Arcane: Season 1,9,,,18180000
2021-11-29,2021-12-05,6,School of Chocolate: Season 1,1,,,17090000
2021-11-29,2021-12-05,7,Jurassic World Camp Cretaceous: Season 4,2,,,16900000
2021-11-29,2021-12-05,8,Maid: Limited Series,14,,,15800000
2021-11-29,2021-12-05,9,Cowboy Bebop: Season 1,3,,,15260000
2021-11-29,2021-12-05,10,You: Season 3,10,,,12490000
2021-12-06,2021-12-12,1,Lost in Space: Season 3,4,,,35820000
2021-12-06,2021-12-12,2,Titans: Season 3,3,,,26000000
2021-12-06,2021-12-12,3,Lost in Space: Season 1,3,,,23200000
2021-12-06,2021-12-12,4,Jurassic World Camp Cretaceous: Season 4,2,,,17420000
2021-12-06,2021-12-12,5,Lost in Space: Season 2,1,,,15240000
2021-12-06,2021-12-12,6,The Witcher: Season 1,8,,,14180000
2021-12-06,2021-12-12,7,Arcane: Season 1,9,,,13470000
2021-12-06,2021-12-12,8,Maid: Limited Series,14,,,12540000
2021-12-06,2021-12-12,9,True Story: Limited Series,3,,,12160000
2021-12-06,2021-12-12,10,Selling Sunset: Season 4,3,,,11100000
2021-12-13,2021-12-19,1,The Witcher: Season 2,7,,,142430000
2021-12-13,2021-12-19,2,The Witcher: Season 1,8,,,49180000
2021-12-13,2021-12-19,3,Titans: Season 3,3,,,23810000
2021-12-13,2021-12-19,4,Lost in Space: Season 3,4,,,19010000
2021-12-13,2021-12-19,5,Selling Tampa: Season 1,1,,,14230000
2021-12-13,2021-12-19,6,Lost in Space: Season 1,3,,,11960000
2021-12-13,2021-12-19,7,Maid: Limited Series,14,,,10620000
2021-12-13,2021-12-19,8,Titans: Season 1,1,,,10340000
2021-12-13,2021-12-19,9,Arcane: Season 1,9,,,10010000
2021-12-13,2021-12-19,10,CoComelon: Season 4,5,,,10000000
2021-12-20,2021-12-26,1,The Witcher: Season 2,7,,,168460000
2021-12-20,2021-12-26,2,Emily in Paris: Season 2,6,,,107640000
2021-12-20,2021-12-26,3,The Witcher: Season 1,8,,,60670000
2021-12-20,2021-12-26,4,Emily in Paris: Season 1,6,,,18040000
2021-12-20,2021-12-26,5,Titans: Season 3,3,,,12560000
2021-12-20,2021-12-26,6,Lost in Space: Season 3,4,,,11650000
2021-12-20,2021-12-26,7,WWII in Color: Road to Victory: Season 1,2,,,9510000
2021-12-20,2021-12-26,8,PAW Patrol: Season 6,2,,,9360000
2021-12-20,2021-12-26,9,CoComelon: Season 4,5,,,9260000
2021-12-20,2021-12-26,10,Maid: Limited Series,14,,,8750000
2021-12-27,2022-01-02,1,Cobra Kai: Season 4,4,,,120060000
2021-12-27,2022-01-02,2,The Witcher: Season 2,7,,,94270000
2021-12-27,2022-01-02,3,Emily in Paris: Season 2,6,,,91980000
2021-12-27,2022-01-02,4,The Witcher: Season 1,8,,,42890000
2021-12-27,2022-01-02,5,Stay Close: Limited Series,4,,,31290000
2021-12-27,2022-01-02,6,Emily in Paris: Season 1,6,,,25170000
2021-12-27,2022-01-02,7,Queer Eye: Season 6,2,,,14420000
2021-12-27,2022-01-02,8,Cobra Kai: Season 1,3,,,13450000
2021-12-27,2022-01-02,9,Crime Scene: The Times Square Killer: Limited Series,1,,,13070000
2021-12-27,2022-01-02,10,WWII in Color: Road to Victory: Season 1,2,,,12680000
2022-01-03,2022-01-09,1,Cobra Kai: Season 4,4,,,107810000
2022-01-03,2022-01-09,2,Stay Close: Limited Series,4,,,91180000
2022-01-03,2022-01-09,3,The Witcher: Season 2,7,,,57340000
2022-01-03,2022-01-09,4,Emily in Paris: Season 2,6,,,50540000
2022-01-03,2022-01-09,5,Manifest: Season 1,25,,,30160000
2022-01-03,2022-01-09,6,The Witcher: Season 1,8,,,28510000
2022-01-03,2022-01-09,7,Cobra Kai: Season 1,3,,,23850000
2022-01-03,2022-01-09,8,Queer Eye: Season 6,2,,,23060000
2022-01-03,2022-01-09,9,Cobra Kai: Season 3,2,,,20100000
2022-01-03,2022-01-09,10,Cobra Kai: Season 2,1,,,19340000
2022-01-10,2022-01-16,1,Stay Close: Limited Series,4,,,53720000
2022-01-10,2022-01-16,2,Cobra Kai: Season 4,4,,,41240000
2022-01-10,2022-01-16,3,The Witcher: Season 2,7,,,34350000
2022-01-10,2022-01-16,4,Emily in Paris: Season 2,6,,,30020000
2022-01-10,2022-01-16,5,Cheer: Season 2,2,,,29080000
2022-01-10,2022-01-16,6,Manifest: Season 1,25,,,28120000
2022-01-10,2022-01-16,7,Archive 81: Season 1,3,,,22220000
2022-01-10,2022-01-16,8,The Witcher: Season 1,8,,,18580000
2022-01-10,2022-01-16,9,Manifest: Season 2,9,,,14810000
2022-01-10,2022-01-16,10,Cobra Kai: Season 3,2,,,13950000
2022-01-17,2022-01-23,1,Ozark: Season 4,13,,,77010000
2022-01-17,2022-01-23,2,Archive 81: Season 1,3,,,70980000
2022-01-17,2022-01-23,3,Too Hot to Handle: Season 3,2,,,41100000
2022-01-17,2022-01-23,4,Stay Close: Limited Series,4,,,26980000
2022-01-17,2022-01-23,5,Ozark: Season 1,4,,,24480000
2022-01-17,2022-01-23,6,Cobra Kai: Season 4,4,,,23840000
2022-01-17,2022-01-23,7,The Witcher: Season 2,7,,,22640000
2022-01-17,2022-01-23,8,Manifest: Season 1,25,,,20760000
2022-01-17,2022-01-23,9,Cheer: Season 2,2,,,20700000
2022-01-17,2022-01-23,10,Emily in Paris: Season 2,6,,,18240000
2022-01-24,2022-01-30,1,Ozark: Season 4,13,,,96340000
2022-01-24,2022-01-30,2,The Woman in the House Across the Street from the Girl in the Window: Limited Series,4,,,40080000
2022-01-24,2022-01-30,3,Archive 81: Season 1,3,,,36270000
2022-01-24,2022-01-30,4,Ozark: Season 1,4,,,35230000
2022-01-24,2022-01-30,5,Too Hot to Handle: Season 3,2,,,31740000
2022-01-24,2022-01-30,6,In From the Cold: Season 1,3,,,24720000
2022-01-24,2022-01-30,7,Ozark: Season 2,2,,,21540000
2022-01-24,2022-01-30,8,The Sinner: Season 4: Percy,3,,,21320000
2022-01-24,2022-01-30,9,Ozark: Season 3,2,,,20280000
2022-01-24,2022-01-30,10,Riverdale: Season 5,1,,,16460000
2022-01-31,2022-02-06,1,The Woman in the House Across the Street from the Girl in the Window: Limited Series,4,,,60480000
2022-01-31,2022-02-06,2,Raising Dion: Season 2,4,,,49090000
2022-01-31,2022-02-06,3,In From the Cold: Season 1,3,,,44800000
2022-01-31,2022-02-06,4,Ozark: Season 4,13,,,44630000
2022-01-31,2022-02-06,5,Sweet Magnolias: Season 2,5,,,43000000
2022-01-31,2022-02-06,6,Raising Dion: Season 1,3,,,26460000
2022-01-31,2022-02-06,7,Ozark: Season 1,4,,,19930000
2022-01-31,2022-02-06,8,Ozark: Season 2,2,,,17360000
2022-01-31,2022-02-06,9,Ozark: Season 3,2,,,17210000
2022-01-31,2022-02-06,10,The Sinner: Season 4: Percy,3,,,16690000
2022-02-07,2022-02-13,1,Inventing Anna: Limited Series,10,,,77310000
2022-02-07,2022-02-13,2,Sweet Magnolias: Season 2,5,,,58150000
2022-02-07,2022-02-13,3,Raising Dion: Season 2,4,,,30350000
2022-02-07,2022-02-13,4,Ozark: Season 4,13,,,24770000
2022-02-07,2022-02-13,5,Raising Dion: Season 1,3,,,23520000
2022-02-07,2022-02-13,6,The Woman in the House Across the Street from the Girl in the Window: Limited Series,4,,,22020000
2022-02-07,2022-02-13,7,Love Is Blind: S2: Chicago,6,,,21780000
2022-02-07,2022-02-13,8,Sweet Magnolias: Season 1,1,,,21640000
2022-02-07,2022-02-13,9,Disenchantment: Part 4,2,,,17090000
2022-02-07,2022-02-13,10,In From the Cold: Season 1,3,,,16310000
2022-02-14,2022-02-20,1,Inventing Anna: Limited Series,10,,,195970000
2022-02-14,2022-02-20,2,Love Is Blind: S2: Chicago,6,,,58960000
2022-02-14,2022-02-20,3,Sweet Magnolias: Season 2,5,,,29760000
2022-02-14,2022-02-20,4,Ozark: Season 4,13,,,17990000
2022-02-14,2022-02-20,5,Raising Dion: Season 2,4,,,17550000
2022-02-14,2022-02-20,6,One of Us Is Lying: Season 1,3,,,15390000
2022-02-14,2022-02-20,7,The Cuphead Show!: Season 1,3,,,14630000
2022-02-14,2022-02-20,8,Raising Dion: Season 1,3,,,14140000
2022-02-14,2022-02-20,9,Disenchantment: Part 4,2,,,12300000
2022-02-14,2022-02-20,10,The Woman in the House Across the Street from the Girl in the Window: Limited Series,4,,,11040000
2022-02-21,2022-02-27,1,Inventing Anna: Limited Series,10,,,130800000
2022-02-21,2022-02-27,2,Vikings: Valhalla: Season 1,8,,,80560000
2022-02-21,2022-02-27,3,Love Is Blind: S2: Chicago,6,,,53600000
2022-02-21,2022-02-27,4,One of Us Is Lying: Season 1,3,,,33750000
2022-02-21,2022-02-27,5,The Cuphead Show!: Season 1,3,,,20850000
2022-02-21,2022-02-27,6,Sweet Magnolias: Season 2,5,,,18610000
2022-02-21,2022-02-27,7,Ozark: Season 4,13,,,12860000
2022-02-21,2022-02-27,8,Space Force: Season 2,1,,,12320000
2022-02-21,2022-02-27,9,Raising Dion: Season 2,4,,,11760000
2022-02-21,2022-02-27,10,jeen-yuhs: A Kanye Trilogy: Season 1,2,,,11460000
2022-02-28,2022-03-06,1,Vikings: Valhalla: Season 1,8,,,113380000
2022-02-28,2022-03-06,2,Inventing Anna: Limited Series,10,,,77590000
2022-02-28,2022-03-06,3,PIECES OF HER: Season 1,5,,,53680000
2022-02-28,2022-03-06,4,Worst Roommate Ever: Season 1,3,,,52380000
2022-02-28,2022-03-06,5,Love Is Blind: S2: Chicago,6,,,39750000
2022-02-28,2022-03-06,6,One of Us Is Lying: Season 1,3,,,16550000
2022-02-28,2022-03-06,7,jeen-yuhs: A Kanye Trilogy: Season 1,2,,,12200000
2022-02-28,2022-03-06,8,The Cuphead Show!: Season 1,3,,,11810000
2022-02-28,2022-03-06,9,Sweet Magnolias: Season 2,5,,,11780000
2022-02-28,2022-03-06,10,Ozark: Season 4,13,,,9110000
2022-03-07,2022-03-13,1,PIECES OF HER: Season 1,5,,,95720000
2022-03-07,2022-03-13,2,The Last Kingdom: Season 5,5,,,63540000
2022-03-07,2022-03-13,3,Inventing Anna: Limited Series,10,,,51840000
2022-03-07,2022-03-13,4,Vikings: Valhalla: Season 1,8,,,41760000
2022-03-07,2022-03-13,5,Formula 1: Drive to Survive: Season 4,2,,,28010000
2022-03-07,2022-03-13,6,Worst Roommate Ever: Season 1,3,,,26290000
2022-03-07,2022-03-13,7,Good Girls: Season 4,6,,,24500000
2022-03-07,2022-03-13,8,Love Is Blind: S2: Chicago,6,,,24240000
2022-03-07,2022-03-13,9,The Last Kingdom: Season 1,1,,,17180000
2022-03-07,2022-03-13,10,Queen of the South: Season 5,2,,,11460000
2022-03-14,2022-03-20,1,The Last Kingdom: Season 5,5,,,48950000
2022-03-14,2022-03-20,2,PIECES OF HER: Season 1,5,,,40080000
2022-03-14,2022-03-20,3,Inventing Anna: Limited Series,10,,,39090000
2022-03-14,2022-03-20,4,Formula 1: Drive to Survive: Season 4,2,,,29020000
2022-03-14,2022-03-20,5,Bad Vegan: Fame. Fraud. Fugitives.: Limited Series,2,,,26960000
2022-03-14,2022-03-20,6,Taboo: Season 1,2,,,24150000
2022-03-14,2022-03-20,7,Top Boy: Season 2,3,,,21740000
2022-03-14,2022-03-20,8,Vikings: Valhalla: Season 1,8,,,19800000
2022-03-14,2022-03-20,9,Life After Death with Tyler Henry: Season 1,1,,,19580000
2022-03-14,2022-03-20,10,Good Girls: Season 4,6,,,17490000
2022-03-21,2022-03-27,1,Bridgerton: Season 2,22,,,193020000
2022-03-21,2022-03-27,2,Is It Cake?: Season 1,4,,,48940000
2022-03-21,2022-03-27,3,Bridgerton: Season 1,20,,,32280000
2022-03-21,2022-03-27,4,Top Boy: Season 2,3,,,30640000
2022-03-21,2022-03-27,5,Inventing Anna: Limited Series,10,,,28990000
2022-03-21,2022-03-27,6,The Last Kingdom: Season 5,5,,,27820000
2022-03-21,2022-03-27,7,PIECES OF HER: Season 1,5,,,21770000
2022-03-21,2022-03-27,8,Top Boy: Season 1,2,,,19260000
2022-03-21,2022-03-27,9,Bad Vegan: Fame. Fraud. Fugitives.: Limited Series,2,,,17570000
2022-03-21,2022-03-27,10,Human Resources: Season 1,1,,,16230000
2022-03-28,2022-04-03,1,Bridgerton: Season 2,22,,,251740000
2022-03-28,2022-04-03,2,Bridgerton: Season 1,20,,,53020000
2022-03-28,2022-04-03,3,Is It Cake?: Season 1,4,,,26510000
2022-03-28,2022-04-03,4,Inventing Anna: Limited Series,10,,,21960000
2022-03-28,2022-04-03,5,The Last Kingdom: Season 5,5,,,19110000
2022-03-28,2022-04-03,6,Top Boy: Season 2,3,,,16490000
2022-03-28,2022-04-03,7,PIECES OF HER: Season 1,5,,,16220000
2022-03-28,2022-04-03,8,Top Boy: Season 1,2,,,13200000
2022-03-28,2022-04-03,9,Vikings: Valhalla: Season 1,8,,,10050000
2022-03-28,2022-04-03,10,Taboo: Season 1,2,,,8310000
2022-04-04,2022-04-10,1,Bridgerton: Season 2,22,,,115750000
2022-04-04,2022-04-10,2,The Ultimatum: Marry or Move On: Season 1,4,,,43710000
2022-04-04,2022-04-10,3,Bridgerton: Season 1,20,,,35760000
2022-04-04,2022-04-10,4,Jimmy Savile: A British Horror Story: Limited Series,2,,,17700000
2022-04-04,2022-04-10,5,Inventing Anna: Limited Series,10,,,17320000
2022-04-04,2022-04-10,6,Better Call Saul: Season 5,2,,,15170000
2022-04-04,2022-04-10,7,Is It Cake?: Season 1,4,,,14760000
2022-04-04,2022-04-10,8,Super PupZ: Season 1,1,,,13770000
2022-04-04,2022-04-10,9,The Last Kingdom: Season 5,5,,,12970000
2022-04-04,2022-04-10,10,CoComelon: Season 5,1,,,12630000
2022-04-11,2022-04-17,1,Bridgerton: Season 2,22,,,66610000
2022-04-11,2022-04-17,2,The Ultimatum: Marry or Move On: Season 1,4,,,58470000
2022-04-11,2022-04-17,3,Anatomy of a Scandal: Limited Series,5,,,40280000
2022-04-11,2022-04-17,4,Bridgerton: Season 1,20,,,23300000
2022-04-11,2022-04-17,5,Our Great National Parks: Limited Series,2,,,17090000
2022-04-11,2022-04-17,6,Inventing Anna: Limited Series,10,,,13690000
2022-04-11,2022-04-17,7,Queen of the South: Season 5,2,,,13100000
2022-04-11,2022-04-17,8,Better Call Saul: Season 5,2,,,12430000
2022-04-11,2022-04-17,9,Jimmy Savile: A British Horror Story: Limited Series,2,,,11410000
2022-04-11,2022-04-17,10,Is It Cake?: Season 1,4,,,11210000
2022-04-18,2022-04-24,1,Anatomy of a Scandal: Limited Series,5,,,75560000
2022-04-18,2022-04-24,2,Bridgerton: Season 2,22,,,46130000
2022-04-18,2022-04-24,3,Conversations with a Killer: The John Wayne Gacy Tapes: Season 1,3,,,37460000
2022-04-18,2022-04-24,4,The Ultimatum: Marry or Move On: Season 1,4,,,29010000
2022-04-18,2022-04-24,5,Selling Sunset: Season 5,4,,,28360000
2022-04-18,2022-04-24,6,Bridgerton: Season 1,20,,,17280000
2022-04-18,2022-04-24,7,Heartstopper: Season 1,3,,,14550000
2022-04-18,2022-04-24,8,The Creature Cases: Chapter 1,2,,,13560000
2022-04-18,2022-04-24,9,Married at First Sight: Season 10,1,,,12810000
2022-04-18,2022-04-24,10,Our Great National Parks: Limited Series,2,,,11780000
2022-04-25,2022-05-01,1,Ozark: Season 4,13,,,78400000
2022-04-25,2022-05-01,2,Selling Sunset: Season 5,4,,,34310000
2022-04-25,2022-05-01,3,Anatomy of a Scandal: Limited Series,5,,,30170000
2022-04-25,2022-05-01,4,Bridgerton: Season 2,22,,,29740000
2022-04-25,2022-05-01,5,Heartstopper: Season 1,3,,,23940000
2022-04-25,2022-05-01,6,Conversations with a Killer: The John Wayne Gacy Tapes: Season 1,3,,,20910000
2022-04-25,2022-05-01,7,Grace and Frankie: Season 7,3,,,15470000
2022-04-25,2022-05-01,8,The Ultimatum: Marry or Move On: Season 1,4,,,13140000
2022-04-25,2022-05-01,9,Bridgerton: Season 1,20,,,12130000
2022-04-25,2022-05-01,10,The Creature Cases: Chapter 1,2,,,11760000
2022-05-02,2022-05-08,1,Ozark: Season 4,13,,,102120000
2022-05-02,2022-05-08,2,Grace and Frankie: Season 7,3,,,23180000
2022-05-02,2022-05-08,3,Bridgerton: Season 2,22,,,21240000
2022-05-02,2022-05-08,4,Selling Sunset: Season 5,4,,,17410000
2022-05-02,2022-05-08,5,Anatomy of a Scandal: Limited Series,5,,,15340000
2022-05-02,2022-05-08,6,Heartstopper: Season 1,3,,,14970000
2022-05-02,2022-05-08,7,Ozark: Season 1,4,,,13640000
2022-05-02,2022-05-08,8,Bullsh*t The Gameshow: Season 1,1,,,11850000
2022-05-02,2022-05-08,9,Blood Sisters: Season 1,1,,,11070000
2022-05-02,2022-05-08,10,Meltdown: Three Mile Island: Limited Series,1,,,10850000
2022-05-09,2022-05-15,1,Ozark: Season 4,13,,,48620000
2022-05-09,2022-05-15,2,The Lincoln Lawyer: Season 1,12,,,45090000
2022-05-09,2022-05-15,3,Workin' Moms: Season 6,2,,,19190000
2022-05-09,2022-05-15,4,Bridgerton: Season 2,22,,,16020000
2022-05-09,2022-05-15,5,The Circle: Season 4,3,,,14120000
2022-05-09,2022-05-15,6,Grace and Frankie: Season 7,3,,,12260000
2022-05-09,2022-05-15,7,Selling Sunset: Season 5,4,,,10860000
2022-05-09,2022-05-15,8,Bling Empire: Season 2,2,,,10750000
2022-05-09,2022-05-15,9,Savage Beauty: Season 1,2,,,10630000
2022-05-09,2022-05-15,10,Anatomy of a Scandal: Limited Series,5,,,9670000
2022-05-16,2022-05-22,1,The Lincoln Lawyer: Season 1,12,,,108090000
2022-05-16,2022-05-22,2,Ozark: Season 4,13,,,31400000
2022-05-16,2022-05-22,3,The Boss Baby: Back in the Crib: Season 1,3,,,16520000
2022-05-16,2022-05-22,4,The Circle: Season 4,3,,,15440000
2022-05-16,2022-05-22,5,Bling Empire: Season 2,2,,,15230000
2022-05-16,2022-05-22,6,"Love, Death & Robots: Volume 3",2,,,14420000
2022-05-16,2022-05-22,7,Bridgerton: Season 2,22,,,13660000
2022-05-16,2022-05-22,8,Workin' Moms: Season 6,2,,,12740000
2022-05-16,2022-05-22,9,Savage Beauty: Season 1,2,,,11390000
2022-05-16,2022-05-22,10,Stranger Things: Season 1,22,,,9490000
2022-05-23,2022-05-29,1,Stranger Things 4,29,,,286790000
2022-05-23,2022-05-29,2,The Lincoln Lawyer: Season 1,12,,,64820000
2022-05-23,2022-05-29,3,Stranger Things: Season 1,22,,,38050000
2022-05-23,2022-05-29,4,Stranger Things 3,20,,,24290000
2022-05-23,2022-05-29,5,Stranger Things 2,20,,,22210000
2022-05-23,2022-05-29,6,Ozark: Season 4,13,,,21910000
2022-05-23,2022-05-29,7,The Boss Baby: Back in the Crib: Season 1,3,,,19890000
2022-05-23,2022-05-29,8,"Love, Death & Robots: Volume 3",2,,,15390000
2022-05-23,2022-05-29,9,Bridgerton: Season 2,22,,,11340000
2022-05-23,2022-05-29,10,The Circle: Season 4,3,,,10260000
2022-05-30,2022-06-05,1,Stranger Things 4,29,,,335010000
2022-05-30,2022-06-05,2,Stranger Things: Season 1,22,,,75080000
2022-05-30,2022-06-05,3,Stranger Things 2,20,,,58270000
2022-05-30,2022-06-05,4,Stranger Things 3,20,,,47420000
2022-05-30,2022-06-05,5,The Lincoln Lawyer: Season 1,12,,,42530000
2022-05-30,2022-06-05,6,All American: Season 4,2,,,30640000
2022-05-30,2022-06-05,7,Ozark: Season 4,13,,,16770000
2022-05-30,2022-06-05,8,The Boss Baby: Back in the Crib: Season 1,3,,,10530000
2022-05-30,2022-06-05,9,Bridgerton: Season 2,22,,,9990000
2022-05-30,2022-06-05,10,The Blacklist: Season 8,1,,,8710000
2022-06-06,2022-06-12,1,Stranger Things 4,29,,,159240000
2022-06-06,2022-06-12,2,Stranger Things 2,20,,,51420000
2022-06-06,2022-06-12,3,Stranger Things: Season 1,22,,,50290000
2022-06-06,2022-06-12,4,Stranger Things 3,20,,,47600000
2022-06-06,2022-06-12,5,Peaky Blinders: Season 6,5,,,45710000
2022-06-06,2022-06-12,6,Keep Sweet: Pray and Obey: Limited Series,2,,,31140000
2022-06-06,2022-06-12,7,First Kill: Season 1,3,,,30340000
2022-06-06,2022-06-12,8,The Lincoln Lawyer: Season 1,12,,,27190000
2022-06-06,2022-06-12,9,All American: Season 4,2,,,26690000
2022-06-06,2022-06-12,10,Surviving Summer: Season 1,1,,,20300000
2022-06-13,2022-06-19,1,Stranger Things 4,29,,,102260000
2022-06-13,2022-06-19,2,Peaky Blinders: Season 6,5,,,61360000
2022-06-13,2022-06-19,3,First Kill: Season 1,3,,,48770000
2022-06-13,2022-06-19,4,Stranger Things 3,20,,,38900000
2022-06-13,2022-06-19,5,Stranger Things 2,20,,,38660000
2022-06-13,2022-06-19,6,Stranger Things: Season 1,22,,,35880000
2022-06-13,2022-06-19,7,Keep Sweet: Pray and Obey: Limited Series,2,,,27640000
2022-06-13,2022-06-19,8,God's Favorite Idiot: Season 1,1,,,22480000
2022-06-13,2022-06-19,9,The Lincoln Lawyer: Season 1,12,,,17550000
2022-06-13,2022-06-19,10,Peaky Blinders: Season 1,1,,,16420000
2022-06-20,2022-06-26,1,The Umbrella Academy: Season 3,5,,,124530000
2022-06-20,2022-06-26,2,Stranger Things 4,29,,,76910000
2022-06-20,2022-06-26,3,Stranger Things 3,20,,,32230000
2022-06-20,2022-06-26,4,Stranger Things 2,20,,,31190000
2022-06-20,2022-06-26,5,Peaky Blinders: Season 6,5,,,30350000
2022-06-20,2022-06-26,6,Stranger Things: Season 1,22,,,29210000
2022-06-20,2022-06-26,7,The Umbrella Academy: Season 1,3,,,27230000
2022-06-20,2022-06-26,8,You Don't Know Me: Season 1,1,,,21910000
2022-06-20,2022-06-26,9,First Kill: Season 1,3,,,18550000
2022-06-20,2022-06-26,10,Man Vs Bee: Season 1,2,,,18210000
2022-06-27,2022-07-03,1,Stranger Things 4,29,,,301280000
2022-06-27,2022-07-03,2,The Umbrella Academy: Season 3,5,,,87980000
2022-06-27,2022-07-03,3,Stranger Things: Season 1,22,,,34470000
2022-06-27,2022-07-03,4,The Umbrella Academy: Season 1,3,,,32840000
2022-06-27,2022-07-03,5,Stranger Things 3,20,,,30280000
2022-06-27,2022-07-03,6,Stranger Things 2,20,,,30260000
2022-06-27,2022-07-03,7,Man Vs Bee: Season 1,2,,,25400000
2022-06-27,2022-07-03,8,The Umbrella Academy: Season 2,2,,,20300000
2022-06-27,2022-07-03,9,Peaky Blinders: Season 6,5,,,18440000
2022-06-27,2022-07-03,10,Snowflake Mountain: Season 1,1,,,15020000
2022-07-04,2022-07-10,1,Stranger Things 4,29,,,188190000
2022-07-04,2022-07-10,2,Stranger Things: Season 1,22,,,45220000
2022-07-04,2022-07-10,3,The Umbrella Academy: Season 3,5,,,43840000
2022-07-04,2022-07-10,4,Stranger Things 2,20,,,41110000
2022-07-04,2022-07-10,5,Stranger Things 3,20,,,36590000
2022-07-04,2022-07-10,6,Manifest: Season 1,25,,,28360000
2022-07-04,2022-07-10,7,The Umbrella Academy: Season 1,3,,,18180000
2022-07-04,2022-07-10,8,The Umbrella Academy: Season 2,2,,,14230000
2022-07-04,2022-07-10,9,Peaky Blinders: Season 6,5,,,13060000
2022-07-04,2022-07-10,10,Alone: Season 8,2,,,11440000
2022-07-11,2022-07-17,1,Stranger Things 4,29,,,102330000
2022-07-11,2022-07-17,2,Resident Evil: Season 1,3,,,72670000
2022-07-11,2022-07-17,3,Manifest: Season 1,25,,,38200000
2022-07-11,2022-07-17,4,Stranger Things 2,20,,,33790000
2022-07-11,2022-07-17,5,Stranger Things 3,20,,,33050000
2022-07-11,2022-07-17,6,Stranger Things: Season 1,22,,,31540000
2022-07-11,2022-07-17,7,The Umbrella Academy: Season 3,5,,,27250000
2022-07-11,2022-07-17,8,Kung Fu Panda: The Dragon Knight: Season 1,2,,,21180000
2022-07-11,2022-07-17,9,"Boo, Bitch: Limited Series",1,,,20610000
2022-07-11,2022-07-17,10,Alone: Season 8,2,,,15590000
2022-07-18,2022-07-24,1,Virgin River: Season 4,6,,,105440000
2022-07-18,2022-07-24,2,Stranger Things 4,29,,,74990000
2022-07-18,2022-07-24,3,Resident Evil: Season 1,3,,,73260000
2022-07-18,2022-07-24,4,Manifest: Season 1,25,,,53240000
2022-07-18,2022-07-24,5,Stranger Things 3,20,,,26680000
2022-07-18,2022-07-24,6,Stranger Things 2,20,,,25620000
2022-07-18,2022-07-24,7,Manifest: Season 2,9,,,25400000
2022-07-18,2022-07-24,8,Stranger Things: Season 1,22,,,23220000
2022-07-18,2022-07-24,9,Kung Fu Panda: The Dragon Knight: Season 1,2,,,21020000
2022-07-18,2022-07-24,10,The Umbrella Academy: Season 3,5,,,18250000
2022-07-25,2022-07-31,1,Virgin River: Season 4,6,,,87940000
2022-07-25,2022-07-31,2,Stranger Things 4,29,,,57720000
2022-07-25,2022-07-31,3,Keep Breathing: Limited Series,3,,,48090000
2022-07-25,2022-07-31,4,Manifest: Season 1,25,,,39760000
2022-07-25,2022-07-31,5,Resident Evil: Season 1,3,,,27470000
2022-07-25,2022-07-31,6,The Most Hated Man on the Internet: Limited Series,1,,,24670000
2022-07-25,2022-07-31,7,Manifest: Season 2,9,,,24170000
2022-07-25,2022-07-31,8,Stranger Things 3,20,,,21440000
2022-07-25,2022-07-31,9,Manifest: Season 3,8,,,20590000
2022-07-25,2022-07-31,10,Stranger Things 2,20,,,20170000
2022-08-01,2022-08-07,1,The Sandman: Season 1,9,,,69480000
2022-08-01,2022-08-07,2,Keep Breathing: Limited Series,3,,,54730000
2022-08-01,2022-08-07,3,Virgin River: Season 4,6,,,46930000
2022-08-01,2022-08-07,4,Stranger Things 4,29,,,44760000
2022-08-01,2022-08-07,5,Manifest: Season 1,25,,,36690000
2022-08-01,2022-08-07,6,Uncoupled: Season 1,1,,,26520000
2022-08-01,2022-08-07,7,Manifest: Season 2,9,,,21310000
2022-08-01,2022-08-07,8,Trainwreck: Woodstock '99: Season 1,1,,,20280000
2022-08-01,2022-08-07,9,Manifest: Season 3,8,,,19880000
2022-08-01,2022-08-07,10,Stranger Things 3,20,,,17040000
2022-08-08,2022-08-14,1,The Sandman: Season 1,9,,,127500000
2022-08-08,2022-08-14,2,Never Have I Ever: Season 3,5,,,55010000
2022-08-08,2022-08-14,3,Locke & Key: Season 3,3,,,38440000
2022-08-08,2022-08-14,4,Stranger Things 4,29,,,35310000
2022-08-08,2022-08-14,5,Virgin River: Season 4,6,,,29550000
2022-08-08,2022-08-14,6,Manifest: Season 1,25,,,28430000
2022-08-08,2022-08-14,7,I Just Killed My Dad: Limited Series,1,,,26190000
2022-08-08,2022-08-14,8,Keep Breathing: Limited Series,3,,,20920000
2022-08-08,2022-08-14,9,Manifest: Season 2,9,,,18720000
2022-08-08,2022-08-14,10,Manifest: Season 3,8,,,18070000
2022-08-15,2022-08-21,1,The Sandman: Season 1,9,,,77240000
2022-08-15,2022-08-21,2,Never Have I Ever: Season 3,5,,,59450000
2022-08-15,2022-08-21,3,Stranger Things 4,29,,,28800000
2022-08-15,2022-08-21,4,Locke & Key: Season 3,3,,,28310000
2022-08-15,2022-08-21,5,Echoes: Limited Series,4,,,25630000
2022-08-15,2022-08-21,6,Manifest: Season 1,25,,,24120000
2022-08-15,2022-08-21,7,Virgin River: Season 4,6,,,20470000
2022-08-15,2022-08-21,8,Never Have I Ever: Season 1,3,,,17010000
2022-08-15,2022-08-21,9,Never Have I Ever: Season 2,4,,,16770000
2022-08-15,2022-08-21,10,Manifest: Season 2,9,,,16270000
2022-08-22,2022-08-28,1,Echoes: Limited Series,4,,,68490000
2022-08-22,2022-08-28,2,The Sandman: Season 1,9,,,53790000
2022-08-22,2022-08-28,3,Never Have I Ever: Season 3,5,,,25640000
2022-08-22,2022-08-28,4,Stranger Things 4,29,,,23640000
2022-08-22,2022-08-28,5,Manifest: Season 1,25,,,19110000
2022-08-22,2022-08-28,6,Selling The OC: Season 1,2,,,18680000
2022-08-22,2022-08-28,7,Partner Track: Season 1,3,,,16660000
2022-08-22,2022-08-28,8,Locke & Key: Season 3,3,,,14630000
2022-08-22,2022-08-28,9,Virgin River: Season 4,6,,,14460000
2022-08-22,2022-08-28,10,Glow Up: Season 4,1,,,14280000
2022-08-29,2022-09-04,1,Echoes: Limited Series,4,,,36580000
2022-08-29,2022-09-04,2,Devil in Ohio: Limited Series,3,,,35370000
2022-08-29,2022-09-04,3,The Sandman: Season 1,9,,,33320000
2022-08-29,2022-09-04,4,Partner Track: Season 1,3,,,31140000
2022-08-29,2022-09-04,5,Stranger Things 4,29,,,20280000
2022-08-29,2022-09-04,6,I AM A KILLER: Season 3,1,,,17920000
2022-08-29,2022-09-04,7,Manifest: Season 1,25,,,16410000
2022-08-29,2022-09-04,8,Never Have I Ever: Season 3,5,,,14820000
2022-08-29,2022-09-04,9,Selling The OC: Season 1,2,,,13670000
2022-08-29,2022-09-04,10,Manifest: Season 3,8,,,11930000
2022-09-05,2022-09-11,1,Cobra Kai: Season 5,5,,,106700000
2022-09-05,2022-09-11,2,Devil in Ohio: Limited Series,3,,,70810000
2022-09-05,2022-09-11,3,The Imperfects: Season 1,3,,,24070000
2022-09-05,2022-09-11,4,Dated and Related: Season 1,1,,,19800000
2022-09-05,2022-09-11,5,The Sandman: Season 1,9,,,19590000
2022-09-05,2022-09-11,6,Partner Track: Season 1,3,,,18210000
2022-09-05,2022-09-11,7,The Crown: Season 1,4,,,17570000
2022-09-05,2022-09-11,8,Stranger Things 4,29,,,16560000
2022-09-05,2022-09-11,9,Echoes: Limited Series,4,,,14260000
2022-09-05,2022-09-11,10,Manifest: Season 1,25,,,12410000
2022-09-12,2022-09-18,1,Cobra Kai: Season 5,5,,,95550000
2022-09-12,2022-09-18,2,Fate: The Winx Saga: Season 2,5,,,48960000
2022-09-12,2022-09-18,3,The Crown: Season 1,4,,,40790000
2022-09-12,2022-09-18,4,The Imperfects: Season 1,3,,,35020000
2022-09-12,2022-09-18,5,Devil in Ohio: Limited Series,3,,,29300000
2022-09-12,2022-09-18,6,Sins of Our Mother: Limited Series,2,,,24390000
2022-09-12,2022-09-18,7,The Crown: Season 2,3,,,16670000
2022-09-12,2022-09-18,8,Love Is Blind: S2: Chicago,6,,,14370000
2022-09-12,2022-09-18,9,Stranger Things 4,29,,,13480000
2022-09-12,2022-09-18,10,The Sandman: Season 1,9,,,12220000
2022-09-19,2022-09-25,1,DAHMER: Monster: The Jeffrey Dahmer Story,7,,,196200000
2022-09-19,2022-09-25,2,Fate: The Winx Saga: Season 2,5,,,60970000
2022-09-19,2022-09-25,3,Cobra Kai: Season 5,5,,,38120000
2022-09-19,2022-09-25,4,The Crown: Season 1,4,,,25690000
2022-09-19,2022-09-25,5,Fate: The Winx Saga: Season 1,2,,,20250000
2022-09-19,2022-09-25,6,Heartbreak High: Season 1,3,,,18250000
2022-09-19,2022-09-25,7,The Crown: Season 2,3,,,17520000
2022-09-19,2022-09-25,8,Dynasty: Season 5,5,,,12830000
2022-09-19,2022-09-25,9,The Imperfects: Season 1,3,,,12760000
2022-09-19,2022-09-25,10,Sins of Our Mother: Limited Series,2,,,12550000
2022-09-26,2022-10-02,1,DAHMER: Monster: The Jeffrey Dahmer Story,7,,,299840000
2022-09-26,2022-10-02,2,Dynasty: Season 5,5,,,44610000
2022-09-26,2022-10-02,3,Fate: The Winx Saga: Season 2,5,,,26400000
2022-09-26,2022-10-02,4,Cobra Kai: Season 5,5,,,20820000
2022-09-26,2022-10-02,5,Heartbreak High: Season 1,3,,,14880000
2022-09-26,2022-10-02,6,The Crown: Season 1,4,,,12090000
2022-09-26,2022-10-02,7,The Crown: Season 2,3,,,11480000
2022-09-26,2022-10-02,8,Stranger Things 4,29,,,10340000
2022-09-26,2022-10-02,9,Fate: The Winx Saga: Season 1,2,,,9560000
2022-09-26,2022-10-02,10,Inside the World’s Toughest Prisons: Season 6,1,,,9130000
2022-10-03,2022-10-09,1,DAHMER: Monster: The Jeffrey Dahmer Story,7,,,205330000
2022-10-03,2022-10-09,2,Conversations with a Killer: The Jeffrey Dahmer Tapes: Season 1,2,,,31400000
2022-10-03,2022-10-09,3,Dynasty: Season 5,5,,,27830000
2022-10-03,2022-10-09,4,The Midnight Club: Season 1,3,,,18790000
2022-10-03,2022-10-09,5,Bling Empire: Season 3,2,,,15210000
2022-10-03,2022-10-09,6,Fate: The Winx Saga: Season 2,5,,,14960000
2022-10-03,2022-10-09,7,Cobra Kai: Season 5,5,,,13530000
2022-10-03,2022-10-09,8,Heartbreak High: Season 1,3,,,9480000
2022-10-03,2022-10-09,9,Stranger Things 4,29,,,9420000
2022-10-03,2022-10-09,10,Conversations with a Killer: The John Wayne Gacy Tapes: Season 1,3,,,8860000
2022-10-10,2022-10-16,1,The Watcher: Season 1,5,,,125010000
2022-10-10,2022-10-16,2,DAHMER: Monster: The Jeffrey Dahmer Story,7,,,122780000
2022-10-10,2022-10-16,3,The Midnight Club: Season 1,3,,,49870000
2022-10-10,2022-10-16,4,Conversations with a Killer: The Jeffrey Dahmer Tapes: Season 1,2,,,27710000
2022-10-10,2022-10-16,5,Dynasty: Season 5,5,,,18230000
2022-10-10,2022-10-16,6,Oddballs: Season 1,1,,,11900000
2022-10-10,2022-10-16,7,The Blacklist: Season 9,2,,,11800000
2022-10-10,2022-10-16,8,Bling Empire: Season 3,2,,,10630000
2022-10-10,2022-10-16,9,Fate: The Winx Saga: Season 2,5,,,9690000
2022-10-10,2022-10-16,10,The Mole: Season 1,1,,,9640000
2022-10-17,2022-10-23,1,The Watcher: Season 1,5,,,148240000
2022-10-17,2022-10-23,2,DAHMER: Monster: The Jeffrey Dahmer Story,7,,,69110000
2022-10-17,2022-10-23,3,From Scratch: Limited Series,5,,,32230000
2022-10-17,2022-10-23,4,Love Is Blind: S3: Dallas,7,,,24890000
2022-10-17,2022-10-23,5,The Midnight Club: Season 1,3,,,21650000
2022-10-17,2022-10-23,6,Unsolved Mysteries: Volume 3,2,,,18930000
2022-10-17,2022-10-23,7,The Sinner: Season 4: Percy,3,,,13240000
2022-10-17,2022-10-23,8,28 Days Haunted: Season 1,2,,,12980000
2022-10-17,2022-10-23,9,Dynasty: Season 5,5,,,12610000
2022-10-17,2022-10-23,10,Wild Croc Territory: Season 1,1,,,11550000
2022-10-24,2022-10-30,1,From Scratch: Limited Series,5,,,72020000
2022-10-24,2022-10-30,2,The Watcher: Season 1,5,,,67510000
2022-10-24,2022-10-30,3,Guillermo del Toro's Cabinet of Curiosities: Season 1,3,,,49950000
2022-10-24,2022-10-30,4,Love Is Blind: S3: Dallas,7,,,42070000
2022-10-24,2022-10-30,5,DAHMER: Monster: The Jeffrey Dahmer Story,7,,,40960000
2022-10-24,2022-10-30,6,Unsolved Mysteries: Volume 3,2,,,14060000
2022-10-24,2022-10-30,7,Half Bad: The Bastard Son & The Devil Himself: Season 1,2,,,13830000
2022-10-24,2022-10-30,8,28 Days Haunted: Season 1,2,,,13670000
2022-10-24,2022-10-30,9,Big Mouth: Season 6,1,,,13590000
2022-10-24,2022-10-30,10,Little Angel: Volume 1,2,,,10800000
2022-10-31,2022-11-06,1,Manifest: Season 4,9,,,57060000
2022-10-31,2022-11-06,2,Inside Man: Season 1,2,,,52940000
2022-10-31,2022-11-06,3,From Scratch: Limited Series,5,,,50450000
2022-10-31,2022-11-06,4,Love Is Blind: S3: Dallas,7,,,47130000
2022-10-31,2022-11-06,5,Guillermo del Toro's Cabinet of Curiosities: Season 1,3,,,38800000
2022-10-31,2022-11-06,6,The Watcher: Season 1,5,,,35420000
2022-10-31,2022-11-06,7,Half Bad: The Bastard Son & The Devil Himself: Season 1,2,,,30890000
2022-10-31,2022-11-06,8,DAHMER: Monster: The Jeffrey Dahmer Story,7,,,28250000
2022-10-31,2022-11-06,9,Killer Sally: Limited Series,1,,,25360000
2022-10-31,2022-11-06,10,Manifest: Season 1,25,,,20300000
2022-11-07,2022-11-13,1,The Crown: Season 5,6,,,107390000
2022-11-07,2022-11-13,2,Manifest: Season 4,9,,,74780000
2022-11-07,2022-11-13,3,Love Is Blind: S3: Dallas,7,,,47250000
2022-11-07,2022-11-13,4,Manifest: Season 1,25,,,41990000
2022-11-07,2022-11-13,5,From Scratch: Limited Series,5,,,31300000
2022-11-07,2022-11-13,6,Warrior Nun: Season 2,3,,,26220000
2022-11-07,2022-11-13,7,Inside Man: Season 1,2,,,24970000
2022-11-07,2022-11-13,8,The Watcher: Season 1,5,,,18850000
2022-11-07,2022-11-13,9,Manifest: Season 2,9,,,18200000
2022-11-07,2022-11-13,10,Guillermo del Toro's Cabinet of Curiosities: Season 1,3,,,18170000
2022-11-14,2022-11-20,1,The Crown: Season 5,6,,,84310000
2022-11-14,2022-11-20,2,1899: Season 1,5,,,79270000
2022-11-14,2022-11-20,3,Manifest: Season 4,9,,,35730000
2022-11-14,2022-11-20,4,Dead to Me: Season 3,4,,,30300000
2022-11-14,2022-11-20,5,Warrior Nun: Season 2,3,,,27740000
2022-11-14,2022-11-20,6,Manifest: Season 1,25,,,25940000
2022-11-14,2022-11-20,7,Ancient Apocalypse: Season 1,1,,,24620000
2022-11-14,2022-11-20,8,Warrior Nun: Season 1,1,,,20100000
2022-11-14,2022-11-20,9,From Scratch: Limited Series,5,,,19880000
2022-11-14,2022-11-20,10,Love Is Blind: S3: Dallas,7,,,19310000
2022-11-21,2022-11-27,1,Wednesday: Season 1,28,,,341230000
2022-11-21,2022-11-27,2,1899: Season 1,5,,,87890000
2022-11-21,2022-11-27,3,The Crown: Season 5,6,,,42360000
2022-11-21,2022-11-27,4,Dead to Me: Season 3,4,,,33330000
2022-11-21,2022-11-27,5,Manifest: Season 4,9,,,21600000
2022-11-21,2022-11-27,6,Manifest: Season 1,25,,,15010000
2022-11-21,2022-11-27,7,"Pepsi, Where's My Jet?: Limited Series",1,,,14160000
2022-11-21,2022-11-27,8,Manifest: Season 3,8,,,12260000
2022-11-21,2022-11-27,9,Warrior Nun: Season 2,3,,,11970000
2022-11-21,2022-11-27,10,Dead to Me: Season 1,1,,,11940000
2022-11-28,2022-12-04,1,Wednesday: Season 1,28,,,411290000
2022-11-28,2022-12-04,2,1899: Season 1,5,,,44620000
2022-11-28,2022-12-04,3,Firefly Lane: Season 2,11,,,29010000
2022-11-28,2022-12-04,4,The Crown: Season 5,6,,,27790000
2022-11-28,2022-12-04,5,Crime Scene: The Texas Killing Fields: Limited Series,1,,,23880000
2022-11-28,2022-12-04,6,Dead to Me: Season 3,4,,,19540000
2022-11-28,2022-12-04,7,Manifest: Season 4,9,,,15380000
2022-11-28,2022-12-04,8,Blood & Water: Season 3,1,,,12690000
2022-11-28,2022-12-04,9,Manifest: Season 1,25,,,11660000
2022-11-28,2022-12-04,10,Little Angel: Volume 1,2,,,11180000
2022-12-05,2022-12-11,1,Wednesday: Season 1,28,,,269670000
2022-12-05,2022-12-11,2,Harry & Meghan: Limited Series,4,,,81550000
2022-12-05,2022-12-11,3,Firefly Lane: Season 2,11,,,50350000
2022-12-05,2022-12-11,4,1899: Season 1,5,,,27530000
2022-12-05,2022-12-11,5,Firefly Lane: Season 1,3,,,20940000
2022-12-05,2022-12-11,6,Too Hot to Handle: Season 4,3,,,20430000
2022-12-05,2022-12-11,7,The Crown: Season 5,6,,,18900000
2022-12-05,2022-12-11,8,Snack VS. Chef: Season 1,1,,,13870000
2022-12-05,2022-12-11,9,Dead to Me: Season 3,4,,,11900000
2022-12-05,2022-12-11,10,Manifest: Season 4,9,,,10540000
2022-12-12,2022-12-18,1,Wednesday: Season 1,28,,,173960000
2022-12-12,2022-12-18,2,Harry & Meghan: Limited Series,4,,,97710000
2022-12-12,2022-12-18,3,The Recruit: Season 1,8,,,52300000
2022-12-12,2022-12-18,4,Too Hot to Handle: Season 4,3,,,37830000
2022-12-12,2022-12-18,5,Sonic Prime: Season 1,3,,,27720000
2022-12-12,2022-12-18,6,Firefly Lane: Season 2,11,,,26570000
2022-12-12,2022-12-18,7,1899: Season 1,5,,,17850000
2022-12-12,2022-12-18,8,The Crown: Season 5,6,,,13200000
2022-12-12,2022-12-18,9,Don't Pick Up the Phone: Limited Series,1,,,10780000
2022-12-12,2022-12-18,10,Firefly Lane: Season 1,3,,,10660000
2022-12-19,2022-12-25,1,Wednesday: Season 1,28,,,118540000
2022-12-19,2022-12-25,2,Emily in Paris: Season 3,7,,,117610000
2022-12-19,2022-12-25,3,The Recruit: Season 1,8,,,95590000
2022-12-19,2022-12-25,4,Harry & Meghan: Limited Series,4,,,39740000
2022-12-19,2022-12-25,5,Sonic Prime: Season 1,3,,,26410000
2022-12-19,2022-12-25,6,Too Hot to Handle: Season 4,3,,,16640000
2022-12-19,2022-12-25,7,The Witcher: Blood Origin: Limited Series,3,,,15870000
2022-12-19,2022-12-25,8,I AM A KILLER: Season 4,1,,,15820000
2022-12-19,2022-12-25,9,Firefly Lane: Season 2,11,,,14200000
2022-12-19,2022-12-25,10,Emily in Paris: Season 1,6,,,11500000
2022-12-26,2023-01-01,1,Wednesday: Season 1,28,,,103960000
2022-12-26,2023-01-01,2,Emily in Paris: Season 3,7,,,95330000
2022-12-26,2023-01-01,3,The Witcher: Blood Origin: Limited Series,3,,,64520000
2022-12-26,2023-01-01,4,Treason: Limited Series,2,,,56060000
2022-12-26,2023-01-01,5,The Recruit: Season 1,8,,,43360000
2022-12-26,2023-01-01,6,Harry & Meghan: Limited Series,4,,,22530000
2022-12-26,2023-01-01,7,Emily in Paris: Season 2,6,,,15210000
2022-12-26,2023-01-01,8,Emily in Paris: Season 1,6,,,14550000
2022-12-26,2023-01-01,9,Sonic Prime: Season 1,3,,,13400000
2022-12-26,2023-01-01,10,Firefly Lane: Season 2,11,,,12770000
2023-01-02,2023-01-08,1,Ginny & Georgia: Season 2,11,,,180470000
2023-01-02,2023-01-08,2,Kaleidoscope: Limited Series,4,,,112320000
2023-01-02,2023-01-08,3,Wednesday: Season 1,28,,,81340000
2023-01-02,2023-01-08,4,Emily in Paris: Season 3,7,,,47780000
2023-01-02,2023-01-08,5,Ginny & Georgia: Season 1,10,,,44370000
2023-01-02,2023-01-08,6,The Recruit: Season 1,8,,,23580000
2023-01-02,2023-01-08,7,MADOFF: The Monster of Wall Street: Limited Series,1,,,23030000
2023-01-02,2023-01-08,8,Treason: Limited Series,2,,,18460000
2023-01-02,2023-01-08,9,The Witcher: Blood Origin: Limited Series,3,,,17610000
2023-01-02,2023-01-08,10,New Amsterdam: Season 1,6,,,14800000
2023-01-09,2023-01-15,1,Ginny & Georgia: Season 2,11,,,162720000
2023-01-09,2023-01-15,2,Ginny & Georgia: Season 1,10,,,63230000
2023-01-09,2023-01-15,3,Wednesday: Season 1,28,,,57820000
2023-01-09,2023-01-15,4,Vikings: Valhalla: Season 2,5,,,55350000
2023-01-09,2023-01-15,5,Kaleidoscope: Limited Series,4,,,46570000
2023-01-09,2023-01-15,6,Vikings: Valhalla: Season 1,8,,,25500000
2023-01-09,2023-01-15,7,Emily in Paris: Season 3,7,,,25040000
2023-01-09,2023-01-15,8,New Amsterdam: Season 1,6,,,18160000
2023-01-09,2023-01-15,9,The Walking Dead: Season 11,3,,,17940000
2023-01-09,2023-01-15,10,The Recruit: Season 1,8,,,13430000
2023-01-16,2023-01-22,1,Ginny & Georgia: Season 2,11,,,87400000
2023-01-16,2023-01-22,2,Vikings: Valhalla: Season 2,5,,,55530000
2023-01-16,2023-01-22,3,Wednesday: Season 1,28,,,45740000
2023-01-16,2023-01-22,4,Ginny & Georgia: Season 1,10,,,43290000
2023-01-16,2023-01-22,5,That '90s Show: Part 1,3,,,41080000
2023-01-16,2023-01-22,6,Vikings: Valhalla: Season 1,8,,,25370000
2023-01-16,2023-01-22,7,Kaleidoscope: Limited Series,4,,,22990000
2023-01-16,2023-01-22,8,Emily in Paris: Season 3,7,,,15550000
2023-01-16,2023-01-22,9,New Amsterdam: Season 1,6,,,14640000
2023-01-16,2023-01-22,10,The Walking Dead: Season 11,3,,,11800000
2023-01-23,2023-01-29,1,Ginny & Georgia: Season 2,11,,,55610000
2023-01-23,2023-01-29,2,Wednesday: Season 1,28,,,35860000
2023-01-23,2023-01-29,3,Ginny & Georgia: Season 1,10,,,31140000
2023-01-23,2023-01-29,4,That '90s Show: Part 1,3,,,26250000
2023-01-23,2023-01-29,5,Vikings: Valhalla: Season 2,5,,,25120000
2023-01-23,2023-01-29,6,Lockwood & Co.: Season 1,3,,,25120000
2023-01-23,2023-01-29,7,New Amsterdam: Season 1,6,,,14320000
2023-01-23,2023-01-29,8,Bling Empire: New York: Season 1,1,,,14280000
2023-01-23,2023-01-29,9,Bake Squad: Season 2,1,,,13040000
2023-01-23,2023-01-29,10,Kaleidoscope: Limited Series,4,,,12110000
2023-01-30,2023-02-05,1,Lockwood & Co.: Season 1,3,,,39420000
2023-01-30,2023-02-05,2,Ginny & Georgia: Season 2,11,,,38090000
2023-01-30,2023-02-05,3,Wednesday: Season 1,28,,,28230000
2023-01-30,2023-02-05,4,Ginny & Georgia: Season 1,10,,,22550000
2023-01-30,2023-02-05,5,New Amsterdam: Season 1,6,,,18960000
2023-01-30,2023-02-05,6,Vikings: Valhalla: Season 2,5,,,14840000
2023-01-30,2023-02-05,7,New Amsterdam: Season 2,1,,,9370000
2023-01-30,2023-02-05,8,That '90s Show: Part 1,3,,,9370000
2023-01-30,2023-02-05,9,Freeridge: Season 1,1,,,8270000
2023-01-30,2023-02-05,10,New Amsterdam: Season 3,1,,,7910000
2023-02-06,2023-02-12,1,You: Season 4,8,,,92070000
2023-02-06,2023-02-12,2,Ginny & Georgia: Season 2,11,,,25710000
2023-02-06,2023-02-12,3,Wednesday: Season 1,28,,,22650000
2023-02-06,2023-02-12,4,You: Season 1,10,,,19240000
2023-02-06,2023-02-12,5,Ginny & Georgia: Season 1,10,,,15790000
2023-02-06,2023-02-12,6,New Amsterdam: Season 1,6,,,15410000
2023-02-06,2023-02-12,7,Lockwood & Co.: Season 1,3,,,15370000
2023-02-06,2023-02-12,8,Love Is Blind: S3: Dallas,7,,,12530000
2023-02-06,2023-02-12,9,You: Season 3,10,,,11440000
2023-02-06,2023-02-12,10,New Amsterdam: Season 4,1,,,10210000
2023-02-13,2023-02-19,1,You: Season 4,8,,,64060000
2023-02-13,2023-02-19,2,Perfect Match: Season 1,5,,,24650000
2023-02-13,2023-02-19,3,You: Season 1,10,,,22400000
2023-02-13,2023-02-19,4,Red Rose: Limited Series,2,,,21270000
2023-02-13,2023-02-19,5,Wednesday: Season 1,28,,,20240000
2023-02-13,2023-02-19,6,Ginny & Georgia: Season 2,11,,,18510000
2023-02-13,2023-02-19,7,Full Swing: Season 1,1,,,17110000
2023-02-13,2023-02-19,8,Love Is Blind: S3: Dallas,7,,,15860000
2023-02-13,2023-02-19,9,You: Season 3,10,,,15620000
2023-02-13,2023-02-19,10,You: Season 2,6,,,15120000
2023-02-20,2023-02-26,1,Outer Banks: Season 3,6,,,154970000
2023-02-20,2023-02-26,2,Murdaugh Murders: A Southern Scandal: Season 1,3,,,40050000
2023-02-20,2023-02-26,3,Perfect Match: Season 1,5,,,39510000
2023-02-20,2023-02-26,4,Outer Banks: Season 1,9,,,35100000
2023-02-20,2023-02-26,5,You: Season 4,8,,,27750000
2023-02-20,2023-02-26,6,Formula 1: Drive to Survive: Season 5,2,,,25760000
2023-02-20,2023-02-26,7,Outer Banks: Season 2,9,,,23860000
2023-02-20,2023-02-26,8,Red Rose: Limited Series,2,,,20540000
2023-02-20,2023-02-26,9,Wednesday: Season 1,28,,,18950000
2023-02-20,2023-02-26,10,The Walking Dead: Season 11,3,,,15940000
2023-02-27,2023-03-05,1,Outer Banks: Season 3,6,,,99000000
2023-02-27,2023-03-05,2,Sex/Life: Season 2,4,,,43890000
2023-02-27,2023-03-05,3,Perfect Match: Season 1,5,,,42660000
2023-02-27,2023-03-05,4,Outer Banks: Season 1,9,,,34050000
2023-02-27,2023-03-05,5,Murdaugh Murders: A Southern Scandal: Season 1,3,,,33360000
2023-02-27,2023-03-05,6,Outer Banks: Season 2,9,,,27750000
2023-02-27,2023-03-05,7,Formula 1: Drive to Survive: Season 5,2,,,26230000
2023-02-27,2023-03-05,8,Sex/Life: Season 1,10,,,19630000
2023-02-27,2023-03-05,9,Wednesday: Season 1,28,,,16410000
2023-02-27,2023-03-05,10,Next in Fashion: Season 2,2,,,16160000
2023-03-06,2023-03-12,1,You: Season 4,8,,,75810000
2023-03-06,2023-03-12,2,MH370: The Plane That Disappeared: Limited Series,3,,,59880000
2023-03-06,2023-03-12,3,Sex/Life: Season 2,4,,,46720000
2023-03-06,2023-03-12,4,Outer Banks: Season 3,6,,,44580000
2023-03-06,2023-03-12,5,Sex/Life: Season 1,10,,,25930000
2023-03-06,2023-03-12,6,Next in Fashion: Season 2,2,,,24430000
2023-03-06,2023-03-12,7,Perfect Match: Season 1,5,,,18900000
2023-03-06,2023-03-12,8,Chris Rock: Selective Outrage,1,,,17790000
2023-03-06,2023-03-12,9,Outer Banks: Season 2,9,,,16360000
2023-03-06,2023-03-12,10,Outer Banks: Season 1,9,,,16140000
2023-03-13,2023-03-19,1,You: Season 4,8,,,64060000
2023-03-13,2023-03-19,2,Shadow and Bone: Season 2,5,,,50400000
2023-03-13,2023-03-19,3,MH370: The Plane That Disappeared: Limited Series,3,,,28980000
2023-03-13,2023-03-19,4,Outer Banks: Season 3,6,,,25950000
2023-03-13,2023-03-19,5,Shadow and Bone: Season 1,2,,,24070000
2023-03-13,2023-03-19,6,Outlast: Season 1,1,,,23630000
2023-03-13,2023-03-19,7,Sex/Life: Season 2,4,,,22280000
2023-03-13,2023-03-19,8,Wednesday: Season 1,28,,,14990000
2023-03-13,2023-03-19,9,Sex/Life: Season 1,10,,,13180000
2023-03-13,2023-03-19,10,Perfect Match: Season 1,5,,,11540000
2023-03-20,2023-03-26,1,The Night Agent: Season 1,17,,,168710000
2023-03-20,2023-03-26,2,Shadow and Bone: Season 2,5,,,55030000
2023-03-20,2023-03-26,3,You: Season 4,8,,,30230000
2023-03-20,2023-03-26,4,Love Is Blind: S4: Seattle,6,,,25520000
2023-03-20,2023-03-26,5,Waco: American Apocalypse: Limited Series,1,,,21510000
2023-03-20,2023-03-26,6,Shadow and Bone: Season 1,2,,,21300000
2023-03-20,2023-03-26,7,Outer Banks: Season 3,6,,,16880000
2023-03-20,2023-03-26,8,Sex/Life: Season 2,4,,,13910000
2023-03-20,2023-03-26,9,Wednesday: Season 1,28,,,13400000
2023-03-20,2023-03-26,10,MH370: The Plane That Disappeared: Limited Series,3,,,9960000
2023-03-27,2023-04-02,1,The Night Agent: Season 1,17,,,216390000
2023-03-27,2023-04-02,2,Love Is Blind: S4: Seattle,6,,,47640000
2023-03-27,2023-04-02,3,Shadow and Bone: Season 2,5,,,27000000
2023-03-27,2023-04-02,4,Unseen: Season 1,3,,,24320000
2023-03-27,2023-04-02,5,You: Season 4,8,,,18220000
2023-03-27,2023-04-02,6,Emergency: NYC: Season 1,1,,,18170000
2023-03-27,2023-04-02,7,Wellmania: Season 1,2,,,14460000
2023-03-27,2023-04-02,8,Wednesday: Season 1,28,,,12180000
2023-03-27,2023-04-02,9,Unstable: Season 1,1,,,11360000
2023-03-27,2023-04-02,10,Outer Banks: Season 3,6,,,11310000
2023-04-03,2023-04-09,1,The Night Agent: Season 1,17,,,130480000
2023-04-03,2023-04-09,2,Love Is Blind: S4: Seattle,6,,,43140000
2023-04-03,2023-04-09,3,BEEF: Season 1,5,,,34080000
2023-04-03,2023-04-09,4,Unseen: Season 1,3,,,17580000
2023-04-03,2023-04-09,5,The Blacklist: Season 9,2,,,17260000
2023-04-03,2023-04-09,6,Shadow and Bone: Season 2,5,,,16740000
2023-04-03,2023-04-09,7,Wellmania: Season 1,2,,,13470000
2023-04-03,2023-04-09,8,Transatlantic: Limited Series,2,,,12390000
2023-04-03,2023-04-09,9,Designated Survivor: Season 1,2,,,11990000
2023-04-03,2023-04-09,10,You: Season 4,8,,,11890000
2023-04-10,2023-04-16,1,The Night Agent: Season 1,17,,,90040000
2023-04-10,2023-04-16,2,BEEF: Season 1,5,,,70380000
2023-04-10,2023-04-16,3,Love Is Blind: S4: Seattle,6,,,41330000
2023-04-10,2023-04-16,4,Obsession: Limited Series,2,,,40890000
2023-04-10,2023-04-16,5,Florida Man: Limited Series,2,,,26190000
2023-04-10,2023-04-16,6,American Manhunt: The Boston Marathon Bombing: Limited Series,2,,,23370000
2023-04-10,2023-04-16,7,Transatlantic: Limited Series,2,,,17390000
2023-04-10,2023-04-16,8,Designated Survivor: Season 1,2,,,13110000
2023-04-10,2023-04-16,9,Shadow and Bone: Season 2,5,,,11620000
2023-04-10,2023-04-16,10,Wednesday: Season 1,28,,,10890000
2023-04-17,2023-04-23,1,The Diplomat: Season 1,6,,,57480000
2023-04-17,2023-04-23,2,The Night Agent: Season 1,17,,,56650000
2023-04-17,2023-04-23,3,BEEF: Season 1,5,,,42810000
2023-04-17,2023-04-23,4,Love Is Blind: S4: Seattle,6,,,39480000
2023-04-17,2023-04-23,5,Florida Man: Limited Series,2,,,29500000
2023-04-17,2023-04-23,6,Obsession: Limited Series,2,,,27120000
2023-04-17,2023-04-23,7,Better Call Saul: Season 6,2,,,14790000
2023-04-17,2023-04-23,8,How to Get Rich: Season 1,1,,,14580000
2023-04-17,2023-04-23,9,American Manhunt: The Boston Marathon Bombing: Limited Series,2,,,13190000
2023-04-17,2023-04-23,10,Wednesday: Season 1,28,,,9500000
2023-04-24,2023-04-30,1,The Diplomat: Season 1,6,,,66460000
2023-04-24,2023-04-30,2,Sweet Tooth: Season 2,4,,,48340000
2023-04-24,2023-04-30,3,Firefly Lane: Season 2,11,,,43490000
2023-04-24,2023-04-30,4,The Night Agent: Season 1,17,,,37680000
2023-04-24,2023-04-30,5,BEEF: Season 1,5,,,24480000
2023-04-24,2023-04-30,6,Sweet Tooth: Season 1,5,,,19230000
2023-04-24,2023-04-30,7,Workin' Moms: Season 7,2,,,18190000
2023-04-24,2023-04-30,8,Better Call Saul: Season 6,2,,,13960000
2023-04-24,2023-04-30,9,Love Is Blind: S4: Seattle,6,,,12080000
2023-04-24,2023-04-30,10,Indian Matchmaking: Season 3,1,,,11410000
2023-05-01,2023-05-07,1,Queen Charlotte: A Bridgerton Story: Season 1,10,,,148280000
2023-05-01,2023-05-07,2,Sweet Tooth: Season 2,4,,,60470000
2023-05-01,2023-05-07,3,Firefly Lane: Season 2,11,,,54320000
2023-05-01,2023-05-07,4,The Diplomat: Season 1,6,,,31150000
2023-05-01,2023-05-07,5,The Night Agent: Season 1,17,,,26880000
2023-05-01,2023-05-07,6,Sweet Tooth: Season 1,5,,,25180000
2023-05-01,2023-05-07,7,Firefly Lane: Season 1,3,,,16500000
2023-05-01,2023-05-07,8,Workin' Moms: Season 7,2,,,15110000
2023-05-01,2023-05-07,9,BEEF: Season 1,5,,,14790000
2023-05-01,2023-05-07,10,The Smurfs: Season 1,1,,,9220000
2023-05-08,2023-05-14,1,Queen Charlotte: A Bridgerton Story: Season 1,10,,,158680000
2023-05-08,2023-05-14,2,Firefly Lane: Season 2,11,,,31900000
2023-05-08,2023-05-14,3,Sweet Tooth: Season 2,4,,,27610000
2023-05-08,2023-05-14,4,Missing: Dead or Alive?: Season 1,2,,,23950000
2023-05-08,2023-05-14,5,Bridgerton: Season 1,20,,,23880000
2023-05-08,2023-05-14,6,The Night Agent: Season 1,17,,,20340000
2023-05-08,2023-05-14,7,Queen Cleopatra: Limited Series,1,,,20180000
2023-05-08,2023-05-14,8,The Diplomat: Season 1,6,,,18370000
2023-05-08,2023-05-14,9,Bridgerton: Season 2,22,,,17250000
2023-05-08,2023-05-14,10,Sweet Tooth: Season 1,5,,,11010000
2023-05-15,2023-05-21,1,Queen Charlotte: A Bridgerton Story: Season 1,10,,,82390000
2023-05-15,2023-05-21,2,"XO, Kitty: Season 1",6,,,72080000
2023-05-15,2023-05-21,3,Firefly Lane: Season 2,11,,,23140000
2023-05-15,2023-05-21,4,Selling Sunset: Season 6,3,,,22780000
2023-05-15,2023-05-21,5,McGREGOR FOREVER: Limited Series,1,,,20850000
2023-05-15,2023-05-21,6,Bridgerton: Season 1,20,,,19460000
2023-05-15,2023-05-21,7,Bridgerton: Season 2,22,,,18170000
2023-05-15,2023-05-21,8,The Night Agent: Season 1,17,,,16800000
2023-05-15,2023-05-21,9,Sweet Tooth: Season 2,4,,,16660000
2023-05-15,2023-05-21,10,Missing: Dead or Alive?: Season 1,2,,,15290000
2023-05-22,2023-05-28,1,FUBAR: Season 1,5,,,88940000
2023-05-22,2023-05-28,2,"XO, Kitty: Season 1",6,,,63780000
2023-05-22,2023-05-28,3,Queen Charlotte: A Bridgerton Story: Season 1,10,,,42900000
2023-05-22,2023-05-28,4,Selling Sunset: Season 6,3,,,33350000
2023-05-22,2023-05-28,5,S.W.A.T.: Season 1,3,,,20230000
2023-05-22,2023-05-28,6,All American: Season 5,3,,,18050000
2023-05-22,2023-05-28,7,Firefly Lane: Season 2,11,,,16110000
2023-05-22,2023-05-28,8,Maid: Limited Series,14,,,13960000
2023-05-22,2023-05-28,9,The Night Agent: Season 1,17,,,12650000
2023-05-22,2023-05-28,10,Bridgerton: Season 2,22,,,12540000
2023-05-29,2023-06-04,1,FUBAR: Season 1,5,,,88030000
2023-05-29,2023-06-04,2,Manifest: Season 4,9,,,39400000
2023-05-29,2023-06-04,3,"XO, Kitty: Season 1",6,,,29830000
2023-05-29,2023-06-04,4,Queen Charlotte: A Bridgerton Story: Season 1,10,,,27210000
2023-05-29,2023-06-04,5,All American: Season 5,3,,,18760000
2023-05-29,2023-06-04,6,S.W.A.T.: Season 1,3,,,15470000
2023-05-29,2023-06-04,7,The Ultimatum: Queer Love: Season 1,2,,,15030000
2023-05-29,2023-06-04,8,Barbecue Showdown: Season 2,1,,,13630000
2023-05-29,2023-06-04,9,Selling Sunset: Season 6,3,,,12970000
2023-05-29,2023-06-04,10,Firefly Lane: Season 2,11,,,11800000
2023-06-05,2023-06-11,1,Manifest: Season 4,9,,,78150000
2023-06-05,2023-06-11,2,Never Have I Ever: Season 4,4,,,76210000
2023-06-05,2023-06-11,3,FUBAR: Season 1,5,,,42280000
2023-06-05,2023-06-11,4,Arnold: Limited Series,3,,,24510000
2023-06-05,2023-06-11,5,Manifest: Season 1,25,,,18180000
2023-06-05,2023-06-11,6,The Ultimatum: Queer Love: Season 1,2,,,16890000
2023-06-05,2023-06-11,7,Queen Charlotte: A Bridgerton Story: Season 1,10,,,16710000
2023-06-05,2023-06-11,8,"XO, Kitty: Season 1",6,,,14460000
2023-06-05,2023-06-11,9,All American: Season 5,3,,,10830000
2023-06-05,2023-06-11,10,S.W.A.T.: Season 1,3,,,10260000
2023-06-12,2023-06-18,1,Never Have I Ever: Season 4,4,11500000,4:55,56400000
2023-06-12,2023-06-18,2,Black Mirror: Season 6,4,11300000,5:12,58700000
2023-06-12,2023-06-18,3,Arnold: Limited Series,3,5200000,3:11,16400000
2023-06-12,2023-06-18,4,Our Planet II,3,3500000,3:23,11900000
2023-06-12,2023-06-18,5,FUBAR: Season 1,5,3400000,7:08,24500000
2023-06-12,2023-06-18,6,Tex Mex Motors: Season 1,1,2800000,4:53,13600000
2023-06-12,2023-06-18,7,Manifest: Season 4,9,2800000,15:35,42900000
2023-06-12,2023-06-18,8,Never Have I Ever: Season 1,3,2600000,4:35,11900000
2023-06-12,2023-06-18,9,Amy Schumer: Emergency Contact,1,2400000,0:51,2000000
2023-06-12,2023-06-18,10,Never Have I Ever: Season 3,5,2300000,4:42,10800000
2023-06-19,2023-06-25,1,Black Mirror: Season 6,4,11600000,5:12,60400000
2023-06-19,2023-06-25,2,Never Have I Ever: Season 4,4,5000000,4:55,24600000
2023-06-19,2023-06-25,3,Our Planet II,3,4000000,3:23,13600000
2023-06-19,2023-06-25,4,Catching Killers: Season 3,2,3100000,3:04,9600000
2023-06-19,2023-06-25,5,Suits: Season 1,4,3000000,varies,27700000
2023-06-19,2023-06-25,6,85 South: Ghetto Legends,1,3000000,0:54,2700000
2023-06-19,2023-06-25,7,Arnold: Limited Series,3,2500000,3:11,7800000
2023-06-19,2023-06-25,8,Glamorous: Season 1,2,2300000,7:27,17000000
2023-06-19,2023-06-25,9,Black Mirror: Season 1,1,2300000,2:36,5900000
2023-06-19,2023-06-25,10,FUBAR: Season 1,5,2100000,7:08,15300000
2023-06-26,2023-07-02,1,The Witcher: Season 3,8,15200000,4:49,73000000
2023-06-26,2023-07-02,2,Black Mirror: Season 6,4,5400000,5:12,28000000
2023-06-26,2023-07-02,3,Catching Killers: Season 3,2,4100000,3:04,12700000
2023-06-26,2023-07-02,4,Glamorous: Season 1,2,3500000,7:27,26100000
2023-06-26,2023-07-02,5,Our Planet II,3,2900000,3:23,9900000
2023-06-26,2023-07-02,6,Never Have I Ever: Season 4,4,2900000,4:55,14200000
2023-06-26,2023-07-02,7,Suits: Season 1,4,2900000,varies,26200000
2023-06-26,2023-07-02,8,Muscles & Mayhem: An Unauthorized Story of American Gladiators: Limited Series,1,2800000,3:33,10100000
2023-06-26,2023-07-02,9,Titans: Season 4,1,2200000,9:57,21400000
2023-06-26,2023-07-02,10,The Witcher: Season 1,8,2200000,8:00,17200000
2023-07-03,2023-07-09,1,The Witcher: Season 3,8,13800000,4:49,66500000
2023-07-03,2023-07-09,2,The Lincoln Lawyer: Season 2,8,7400000,4:14,31400000
2023-07-03,2023-07-09,3,Fatal Seduction: Season 1,6,5100000,3:46,19100000
2023-07-03,2023-07-09,4,Tom Segura: Sledgehammer,1,4500000,1:02,4600000
2023-07-03,2023-07-09,5,"Is It Cake?: Is It Cake, Too?",2,4000000,5:52,23700000
2023-07-03,2023-07-09,6,Black Mirror: Season 6,4,3200000,5:12,16700000
2023-07-03,2023-07-09,7,The Witcher: Season 1,8,2600000,8:00,20900000
2023-07-03,2023-07-09,8,The Witcher: Season 2,7,2400000,7:41,18200000
2023-07-03,2023-07-09,9,The Lincoln Lawyer: Season 1,12,2300000,8:19,19200000
2023-07-03,2023-07-09,10,Suits: Season 1,4,2300000,varies,20700000
2023-07-10,2023-07-16,1,The Lincoln Lawyer: Season 2,8,8300000,4:14,35300000
2023-07-10,2023-07-16,2,The Witcher: Season 3,8,6700000,4:49,32100000
2023-07-10,2023-07-16,3,Fatal Seduction: Season 1,6,6600000,3:46,24800000
2023-07-10,2023-07-16,4,Survival of the Thickest: Season 1,3,3700000,3:36,13300000
2023-07-10,2023-07-16,5,The Lincoln Lawyer: Season 1,12,3400000,8:19,28300000
2023-07-10,2023-07-16,6,Quarterback: Season 1,3,3300000,6:26,21400000
2023-07-10,2023-07-16,7,Too Hot to Handle: Season 5,4,2800000,3:14,9000000
2023-07-10,2023-07-16,8,"Is It Cake?: Is It Cake, Too?",2,2600000,5:52,15400000
2023-07-10,2023-07-16,9,Hack My Home: Season 1,1,2600000,4:33,11900000
2023-07-10,2023-07-16,10,Sonic Prime: Season 2,2,2400000,3:14,7900000
2023-07-17,2023-07-23,1,Sweet Magnolias: Season 3,4,4600000,8:35,39500000
2023-07-17,2023-07-23,2,The Lincoln Lawyer: Season 2,8,4600000,4:14,19400000
2023-07-17,2023-07-23,3,The Witcher: Season 3,8,4200000,4:49,20100000
2023-07-17,2023-07-23,4,Too Hot to Handle: Season 5,4,4100000,5:52,24000000
2023-07-17,2023-07-23,5,Survival of the Thickest: Season 1,3,3800000,3:36,13700000
2023-07-17,2023-07-23,6,Fatal Seduction: Season 1,6,3200000,3:46,12100000
2023-07-17,2023-07-23,7,Quarterback: Season 1,3,2900000,6:26,18800000
2023-07-17,2023-07-23,8,Suits: Season 1,4,2200000,varies,20300000
2023-07-17,2023-07-23,9,The Lincoln Lawyer: Season 1,12,2100000,8:19,17800000
2023-07-17,2023-07-23,10,Sonic Prime: Season 2,2,2100000,3:14,6800000
2023-07-24,2023-07-30,1,The Witcher: Season 3,8,7800000,7:36,59000000
2023-07-24,2023-07-30,2,Sweet Magnolias: Season 3,4,5300000,8:35,45900000
2023-07-24,2023-07-30,3,Too Hot to Handle: Season 5,4,3200000,8:15,26300000
2023-07-24,2023-07-30,4,The Lincoln Lawyer: Season 2,8,3000000,4:14,12600000
2023-07-24,2023-07-30,5,Survival of the Thickest: Season 1,3,2200000,3:36,8000000
2023-07-24,2023-07-30,6,Barbie Life in the Dreamhouse: Season 1,1,1900000,4:48,9100000
2023-07-24,2023-07-30,7,Quarterback: Season 1,3,1700000,6:26,11000000
2023-07-24,2023-07-30,8,Fatal Seduction: Season 1,6,1700000,3:46,6400000
2023-07-24,2023-07-30,9,,1,1700000,0:53,1500000
2023-07-24,2023-07-30,10,CoComelon: Season 8,6,1700000,1:04,1800000
2023-07-31,2023-08-06,1,The Lincoln Lawyer: Season 2,8,6700000,8:11,55200000
2023-07-31,2023-08-06,2,Heartstopper: Season 2,3,6100000,4:42,28500000
2023-07-31,2023-08-06,3,The Witcher: Season 3,8,5400000,7:36,41400000
2023-07-31,2023-08-06,4,Sweet Magnolias: Season 3,4,2900000,8:35,24800000
2023-07-31,2023-08-06,5,How to Become a Cult Leader: Season 1,1,2300000,3:14,7300000
2023-07-31,2023-08-06,6,The Lincoln Lawyer: Season 1,12,2100000,8:19,17300000
2023-07-31,2023-08-06,7,Fatal Seduction: Season 1,6,1900000,7:12,13600000
2023-07-31,2023-08-06,8,Too Hot to Handle: Season 5,4,1900000,8:15,15300000
2023-07-31,2023-08-06,9,Om Nom Stories: Season 1,2,1700000,0:59,1700000
2023-07-31,2023-08-06,10,CoComelon: Season 8,6,1600000,1:04,1700000
2023-08-07,2023-08-13,1,Painkiller: Limited Series,5,7200000,4:59,35900000
2023-08-07,2023-08-13,2,The Lincoln Lawyer: Season 2,8,5200000,8:11,42400000
2023-08-07,2023-08-13,3,Gabby's Dollhouse: Season 8,4,4100000,2:26,9900000
2023-08-07,2023-08-13,4,Heartstopper: Season 2,3,4000000,4:42,18700000
2023-08-07,2023-08-13,5,Fatal Seduction: Season 1,6,2800000,7:12,20200000
2023-08-07,2023-08-13,6,The Witcher: Season 3,8,2800000,7:36,21300000
2023-08-07,2023-08-13,7,Om Nom Stories: Season 1,2,2400000,0:59,2400000
2023-08-07,2023-08-13,8,The Lincoln Lawyer: Season 1,12,2200000,8:19,18300000
2023-08-07,2023-08-13,9,Sweet Magnolias: Season 3,4,1900000,8:35,16200000
2023-08-07,2023-08-13,10,Fisk: Season 1,1,1800000,2:43,4900000
2023-08-14,2023-08-20,1,DEPP V HEARD: Limited Series,3,16200000,2:26,39500000
2023-08-14,2023-08-20,2,Painkiller: Limited Series,5,10900000,4:59,54100000
2023-08-14,2023-08-20,3,Ballers: Season 1,2,3900000,4:42,18400000
2023-08-14,2023-08-20,4,At Home With The Furys: Season 1,2,3300000,5:07,16900000
2023-08-14,2023-08-20,5,The Lincoln Lawyer: Season 2,8,2900000,8:11,23500000
2023-08-14,2023-08-20,6,Gabby's Dollhouse: Season 8,4,2600000,2:26,6400000
2023-08-14,2023-08-20,7,The Witcher: Season 3,8,1900000,7:36,14700000
2023-08-14,2023-08-20,8,The Upshaws: Part 4,1,1800000,2:36,4800000
2023-08-14,2023-08-20,9,Mech Cadets: Season 1,1,1800000,4:00,7300000
2023-08-14,2023-08-20,10,Heartstopper: Season 2,3,1800000,4:42,8300000
2023-08-21,2023-08-27,1,Who is Erin Carter?: Limited Series,4,13200000,5:43,75400000
2023-08-21,2023-08-27,2,DEPP V HEARD: Limited Series,3,8300000,2:26,20100000
2023-08-21,2023-08-27,3,Painkiller: Limited Series,5,5600000,4:59,27800000
2023-08-21,2023-08-27,4,Untold: Swamp Kings: Season 1,2,5000000,3:07,15500000
2023-08-21,2023-08-27,5,The Ultimatum: Marry or Move On: Season 2,2,3600000,6:01,21600000
2023-08-21,2023-08-27,6,At Home With The Furys: Season 1,2,3000000,5:07,15600000
2023-08-21,2023-08-27,7,Ballers: Season 1,2,2200000,4:42,10500000
2023-08-21,2023-08-27,8,The Lincoln Lawyer: Season 2,8,1900000,8:11,15300000
2023-08-21,2023-08-27,9,Gabby's Dollhouse: Season 8,4,1800000,2:26,4400000
2023-08-21,2023-08-27,10,My Dad the Bounty Hunter: Season 2,1,1700000,4:23,7300000
2023-08-28,2023-09-03,1,ONE PIECE: Season 1,11,18500000,7:34,140100000
2023-08-28,2023-09-03,2,Who is Erin Carter?: Limited Series,4,15800000,5:43,90300000
2023-08-28,2023-09-03,3,Live to 100: Secrets of the Blue Zones: Limited Series,2,5700000,2:39,15200000
2023-08-28,2023-09-03,4,Painkiller: Limited Series,5,3400000,4:59,16700000
2023-08-28,2023-09-03,5,The Ultimatum: Marry or Move On: Season 2,2,3100000,7:22,22900000
2023-08-28,2023-09-03,6,DEPP V HEARD: Limited Series,3,2700000,2:26,6500000
2023-08-28,2023-09-03,7,Untold: Swamp Kings: Season 1,2,1900000,3:07,5800000
2023-08-28,2023-09-03,8,CoComelon: Season 8,6,1600000,1:04,1700000
2023-08-28,2023-09-03,9,Gabby's Dollhouse: Season 8,4,1500000,2:26,3700000
2023-08-28,2023-09-03,10,Disenchantment: Part 5,2,1400000,4:41,6600000
2023-09-04,2023-09-10,1,ONE PIECE: Season 1,11,19300000,7:34,145700000
2023-09-04,2023-09-10,2,Virgin River: Season 5,8,9000000,7:39,68500000
2023-09-04,2023-09-10,3,Who is Erin Carter?: Limited Series,4,7100000,5:43,40600000
2023-09-04,2023-09-10,4,Top Boy: Season 3,2,5600000,5:05,28700000
2023-09-04,2023-09-10,5,Live to 100: Secrets of the Blue Zones: Limited Series,2,3100000,2:39,8200000
2023-09-04,2023-09-10,6,Shane Gillis: Beautiful Dogs,1,2900000,0:53,2600000
2023-09-04,2023-09-10,7,Predators: Season 1,2,2900000,3:45,10800000
2023-09-04,2023-09-10,8,Disenchantment: Part 5,2,2200000,4:41,10300000
2023-09-04,2023-09-10,9,Painkiller: Limited Series,5,2000000,4:59,10100000
2023-09-04,2023-09-10,10,Spy Ops: Season 1,2,1900000,6:02,11500000
2023-09-11,2023-09-17,1,ONE PIECE: Season 1,11,10000000,7:34,75500000
2023-09-11,2023-09-17,2,Virgin River: Season 5,8,9600000,7:39,73200000
2023-09-11,2023-09-17,3,Who is Erin Carter?: Limited Series,4,3800000,5:43,22000000
2023-09-11,2023-09-17,4,Top Boy: Season 3,2,3700000,5:05,18600000
2023-09-11,2023-09-17,5,Selling The OC: Season 2,1,2700000,4:38,12300000
2023-09-11,2023-09-17,6,Spy Ops: Season 1,2,2600000,6:02,15900000
2023-09-11,2023-09-17,7,Surviving Summer: Season 2,2,2100000,3:49,8000000
2023-09-11,2023-09-17,8,Glow Up: Season 5,1,2100000,6:35,13600000
2023-09-11,2023-09-17,9,Inside the World’s Toughest Prisons: Season 7,2,1800000,3:05,5400000
2023-09-11,2023-09-17,10,Predators: Season 1,2,1700000,3:45,6500000
2023-09-18,2023-09-24,1,Sex Education: Season 4,6,12000000,8:06,97600000
2023-09-18,2023-09-24,2,Murdaugh Murders: A Southern Scandal: Season 2,3,7600000,1:47,13600000
2023-09-18,2023-09-24,3,ONE PIECE: Season 1,11,6200000,7:34,46600000
2023-09-18,2023-09-24,4,Virgin River: Season 5,8,4900000,7:39,37700000
2023-09-18,2023-09-24,5,Inside the World’s Toughest Prisons: Season 7,2,4000000,3:05,12300000
2023-09-18,2023-09-24,6,Surviving Summer: Season 2,2,3400000,3:49,12800000
2023-09-18,2023-09-24,7,Love Is Blind: S5: Houston,5,3000000,3:55,11900000
2023-09-18,2023-09-24,8,Kountry Wayne: A Woman's Prayer,1,2600000,1:01,2600000
2023-09-18,2023-09-24,9,The Pacific: Season 1,2,2400000,8:54,21500000
2023-09-18,2023-09-24,10,Murdaugh Murders: A Southern Scandal: Season 1,3,2400000,2:23,5700000
2023-09-25,2023-10-01,1,Sex Education: Season 4,6,13400000,8:06,108400000
2023-09-25,2023-10-01,2,Who Killed Jill Dando?: Limited Series,2,5500000,2:19,12800000
2023-09-25,2023-10-01,3,Love Is Blind: S5: Houston,5,5300000,6:47,36200000
2023-09-25,2023-10-01,4,Murdaugh Murders: A Southern Scandal: Season 2,3,4500000,1:47,8000000
2023-09-25,2023-10-01,5,Encounters: Season 1,2,4400000,3:23,14900000
2023-09-25,2023-10-01,6,ONE PIECE: Season 1,11,3800000,7:34,28400000
2023-09-25,2023-10-01,7,Virgin River: Season 5,8,3000000,7:39,22600000
2023-09-25,2023-10-01,8,Castlevania: Nocturne: Season 1,2,2600000,3:42,9800000
2023-09-25,2023-10-01,9,Sex Education: Season 1,4,1900000,6:43,12800000
2023-09-25,2023-10-01,10,The Pacific: Season 1,2,1700000,8:54,15300000
2023-10-02,2023-10-08,1,Beckham: Limited Series,6,12400000,4:45,58800000
2023-10-02,2023-10-08,2,Sex Education: Season 4,6,6600000,8:06,53800000
2023-10-02,2023-10-08,3,Love Is Blind: S5: Houston,5,3700000,8:46,32600000
2023-10-02,2023-10-08,4,ONE PIECE: Season 1,11,2500000,7:34,18800000
2023-10-02,2023-10-08,5,Encounters: Season 1,2,2000000,3:23,6800000
2023-10-02,2023-10-08,6,Virgin River: Season 5,8,2000000,7:39,15200000
2023-10-02,2023-10-08,7,Castlevania: Nocturne: Season 1,2,1800000,3:42,6800000
2023-10-02,2023-10-08,8,Murdaugh Murders: A Southern Scandal: Season 2,3,1800000,1:47,3200000
2023-10-02,2023-10-08,9,Who Killed Jill Dando?: Limited Series,2,1600000,2:19,3800000
2023-10-02,2023-10-08,10,The Great British Baking Show: Collection 11,2,1600000,2:14,3500000
2023-10-09,2023-10-15,1,Beckham: Limited Series,6,11600000,4:45,54900000
2023-10-09,2023-10-15,2,The Fall of the House of Usher: Limited Series,4,6300000,8:17,51900000
2023-10-09,2023-10-15,3,Sex Education: Season 4,6,4000000,8:06,32700000
2023-10-09,2023-10-15,4,Big Vape: The Rise and Fall of Juul: Limited Series,1,3100000,3:09,9700000
2023-10-09,2023-10-15,5,Love Is Blind: S5: Houston,5,2600000,varies,27900000
2023-10-09,2023-10-15,6,ONE PIECE: Season 1,11,1900000,7:34,14300000
2023-10-09,2023-10-15,7,CoComelon: Season 8,6,1400000,1:04,1500000
2023-10-09,2023-10-15,8,Virgin River: Season 5,8,1400000,7:39,10700000
2023-10-09,2023-10-15,9,Everything Now: Season 1,1,1300000,6:13,8300000
2023-10-09,2023-10-15,10,The Great British Baking Show: Collection 11,2,1300000,3:21,4300000
2023-10-16,2023-10-22,1,The Fall of the House of Usher: Limited Series,4,7900000,8:17,65300000
2023-10-16,2023-10-22,2,Beckham: Limited Series,6,6900000,4:45,32800000
2023-10-16,2023-10-22,3,Bodies: Limited Series,4,5500000,7:38,42000000
2023-10-16,2023-10-22,4,I Woke Up A Vampire: Season 1,2,3400000,3:31,12100000
2023-10-16,2023-10-22,5,Sex Education: Season 4,6,2600000,8:06,21300000
2023-10-16,2023-10-22,6,Love Is Blind: S5: Houston,5,1800000,11:04,20400000
2023-10-16,2023-10-22,7,Big Mouth: Season 7,2,1600000,4:39,7400000
2023-10-16,2023-10-22,8,ONE PIECE: Season 1,11,1400000,7:34,10900000
2023-10-16,2023-10-22,9,CoComelon: Season 8,6,1300000,1:04,1400000
2023-10-16,2023-10-22,10,CoComelon: Season 1,2,1200000,2:58,3600000
2023-10-23,2023-10-29,1,Bodies: Limited Series,4,7700000,7:38,58600000
2023-10-23,2023-10-29,2,Get Gotti: Season 1,2,7300000,2:32,18400000
2023-10-23,2023-10-29,3,Life on Our Planet: Season 1,4,5500000,6:56,38300000
2023-10-23,2023-10-29,4,The Fall of the House of Usher: Limited Series,4,4200000,8:17,34500000
2023-10-23,2023-10-29,5,Beckham: Limited Series,6,4000000,4:45,18900000
2023-10-23,2023-10-29,6,Big Mouth: Season 7,2,2700000,4:39,12500000
2023-10-23,2023-10-29,7,I Woke Up A Vampire: Season 1,2,2400000,3:31,8400000
2023-10-23,2023-10-29,8,Sex Education: Season 4,6,1700000,8:06,13800000
2023-10-23,2023-10-29,9,Surviving Paradise: Season 1,1,1300000,6:39,8900000
2023-10-23,2023-10-29,10,CoComelon: Season 8,6,1300000,1:04,1400000
2023-10-30,2023-11-05,1,All the Light We Cannot See: Limited Series,5,9800000,3:50,37600000
2023-10-30,2023-11-05,2,Till Murder Do Us Part: Soering vs. Haysom: Limited Series,2,4700000,3:13,15200000
2023-10-30,2023-11-05,3,Bodies: Limited Series,4,4300000,7:38,33200000
2023-10-30,2023-11-05,4,Life on Our Planet: Season 1,4,4300000,6:56,29500000
2023-10-30,2023-11-05,5,Unicorn Academy: Chapter 1,3,3300000,4:38,15100000
2023-10-30,2023-11-05,6,Get Gotti: Season 1,2,3200000,2:32,8000000
2023-10-30,2023-11-05,7,The Fall of the House of Usher: Limited Series,4,2800000,8:17,23400000
2023-10-30,2023-11-05,8,Selling Sunset: Season 7,3,2800000,6:26,18100000
2023-10-30,2023-11-05,9,Beckham: Limited Series,6,2700000,4:45,12600000
2023-10-30,2023-11-05,10,Mysteries of the Faith: Season 1,1,2300000,2:49,6600000
2023-11-06,2023-11-12,1,All the Light We Cannot See: Limited Series,5,10100000,3:50,38700000
2023-11-06,2023-11-12,2,Selling Sunset: Season 7,3,4700000,6:26,30000000
2023-11-06,2023-11-12,3,Escaping Twin Flames: Season 1,3,4100000,2:55,11900000
2023-11-06,2023-11-12,4,Robbie Williams: Limited Series,2,3900000,3:20,13100000
2023-11-06,2023-11-12,5,Unicorn Academy: Chapter 1,3,3300000,4:38,15300000
2023-11-06,2023-11-12,6,BLUE EYE SAMURAI: Season 1,2,2900000,6:21,18100000
2023-11-06,2023-11-12,7,Till Murder Do Us Part: Soering vs. Haysom: Limited Series,2,2800000,3:13,9000000
2023-11-06,2023-11-12,8,Life on Our Planet: Season 1,4,2700000,6:56,18800000
2023-11-06,2023-11-12,9,Bodies: Limited Series,4,2600000,7:38,19600000
2023-11-06,2023-11-12,10,Beckham: Limited Series,6,1700000,4:45,8000000
2023-11-13,2023-11-19,1,The Crown: Season 6,8,11100000,3:19,36900000
2023-11-13,2023-11-19,2,Matt Rife: Natural Selection,2,7400000,1:04,7900000
2023-11-13,2023-11-19,3,All the Light We Cannot See: Limited Series,5,5700000,3:50,21700000
2023-11-13,2023-11-19,4,How to Become a Mob Boss: Season 1,1,3900000,3:02,11900000
2023-11-13,2023-11-19,5,Escaping Twin Flames: Season 1,3,3200000,2:55,9400000
2023-11-13,2023-11-19,6,Selling Sunset: Season 7,3,2400000,7:46,18300000
2023-11-13,2023-11-19,7,Robbie Williams: Limited Series,2,2200000,3:20,7300000
2023-11-13,2023-11-19,8,Unicorn Academy: Chapter 1,3,2100000,4:38,9800000
2023-11-13,2023-11-19,9,Life on Our Planet: Season 1,4,2000000,6:56,13700000
2023-11-13,2023-11-19,10,BLUE EYE SAMURAI: Season 1,2,1900000,6:21,12300000
2023-11-20,2023-11-26,1,Squid Game: The Challenge: Season 1,5,20100000,4:16,85700000
2023-11-20,2023-11-26,2,The Crown: Season 6,8,8800000,3:19,29300000
2023-11-20,2023-11-26,3,CoComelon Lane: Season 1,6,3400000,3:55,13200000
2023-11-20,2023-11-26,4,All the Light We Cannot See: Limited Series,5,3300000,3:50,12600000
2023-11-20,2023-11-26,5,Matt Rife: Natural Selection,2,2900000,1:04,3100000
2023-11-20,2023-11-26,6,Young Sheldon: Season 1,6,2100000,7:13,15000000
2023-11-20,2023-11-26,7,Scott Pilgrim Takes Off: Season 1,1,2000000,3:41,7400000
2023-11-20,2023-11-26,8,First Wives Club: Season 1,2,1700000,3:59,6600000
2023-11-20,2023-11-26,9,Escaping Twin Flames: Season 1,3,1600000,2:55,4800000
2023-11-20,2023-11-26,10,Mike Birbiglia: The Old Man and The Pool,1,1600000,1:18,2100000
2023-11-27,2023-12-03,1,Squid Game: The Challenge: Season 1,5,11400000,7:26,85000000
2023-11-27,2023-12-03,2,Bad Surgeon: Love Under the Knife: Season 1,3,7400000,2:40,19800000
2023-11-27,2023-12-03,3,Obliterated: Season 1,6,7000000,6:50,47600000
2023-11-27,2023-12-03,4,The Crown: Season 6,8,3900000,3:19,13100000
2023-11-27,2023-12-03,5,CoComelon Lane: Season 1,6,2800000,3:55,11000000
2023-11-27,2023-12-03,6,Virgin River: Season 5,8,2700000,9:16,25300000
2023-11-27,2023-12-03,7,Young Sheldon: Season 1,6,2700000,7:13,19300000
2023-11-27,2023-12-03,8,All the Light We Cannot See: Limited Series,5,2000000,3:50,7600000
2023-11-27,2023-12-03,9,Young Sheldon: Season 2,2,1700000,7:10,12100000
2023-11-27,2023-12-03,10,First Wives Club: Season 1,2,1500000,3:59,5800000
2023-12-04,2023-12-10,1,Obliterated: Season 1,6,9000000,6:50,61500000
2023-12-04,2023-12-10,2,My Life With the Walter Boys: Season 1,10,7500000,7:37,57400000
2023-12-04,2023-12-10,3,Squid Game: The Challenge: Season 1,5,6600000,8:10,54100000
2023-12-04,2023-12-10,4,Bad Surgeon: Love Under the Knife: Season 1,3,5000000,2:40,13300000
2023-12-04,2023-12-10,5,World War II: From the Frontlines: Season 1,4,4200000,4:51,20300000
2023-12-04,2023-12-10,6,The Crown: Season 6,8,2500000,3:19,8200000
2023-12-04,2023-12-10,7,CoComelon Lane: Season 1,6,2400000,3:55,9500000
2023-12-04,2023-12-10,8,Virgin River: Season 5,8,2200000,9:16,20300000
2023-12-04,2023-12-10,9,Young Sheldon: Season 1,6,1900000,7:13,13900000
2023-12-04,2023-12-10,10,Young Sheldon: Season 2,2,1400000,7:10,10300000
2023-12-11,2023-12-17,1,My Life With the Walter Boys: Season 1,10,12800000,7:37,97500000
2023-12-11,2023-12-17,2,The Crown: Season 6,8,5800000,8:45,50900000
2023-12-11,2023-12-17,3,Obliterated: Season 1,6,5200000,6:50,35600000
2023-12-11,2023-12-17,4,World War II: From the Frontlines: Season 1,4,4400000,4:51,21200000
2023-12-11,2023-12-17,5,Squid Game: The Challenge: Season 1,5,3000000,8:10,24900000
2023-12-11,2023-12-17,6,Car Masters: Rust to Riches: Season 5,2,2400000,5:18,12900000
2023-12-11,2023-12-17,7,Bad Surgeon: Love Under the Knife: Season 1,3,2300000,2:40,6100000
2023-12-11,2023-12-17,8,CoComelon Lane: Season 1,6,2000000,3:55,7800000
2023-12-11,2023-12-17,9,Young Sheldon: Season 1,6,1600000,7:13,11600000
2023-12-11,2023-12-17,10,School Spirits: Season 1,1,1400000,6:12,8900000
2023-12-18,2023-12-24,1,My Life With the Walter Boys: Season 1,10,7600000,7:37,57900000
2023-12-18,2023-12-24,2,The Crown: Season 6,8,5700000,8:45,50000000
2023-12-18,2023-12-24,3,Trevor Noah: Where Was I,2,3800000,1:08,4300000
2023-12-18,2023-12-24,4,Obliterated: Season 1,6,3200000,6:50,22200000
2023-12-18,2023-12-24,5,Car Masters: Rust to Riches: Season 5,2,2600000,5:18,13900000
2023-12-18,2023-12-24,6,World War II: From the Frontlines: Season 1,4,2500000,4:51,12200000
2023-12-18,2023-12-24,7,CoComelon Lane: Season 1,6,1600000,3:55,6400000
2023-12-18,2023-12-24,8,Fireplace for Your Home: Crackling Birchwood Fireplace,4,1500000,1:00,1500000
2023-12-18,2023-12-24,9,Young Sheldon: Season 1,6,1500000,7:13,10700000
2023-12-18,2023-12-24,10,Squid Game: The Challenge: Season 1,5,1500000,8:10,12000000
2023-12-25,2023-12-31,1,Ricky Gervais: Armageddon,2,8000000,1:03,8400000
2023-12-25,2023-12-31,2,My Life With the Walter Boys: Season 1,10,5400000,7:37,41400000
2023-12-25,2023-12-31,3,The Crown: Season 6,8,3600000,8:45,31600000
2023-12-25,2023-12-31,4,Obliterated: Season 1,6,2600000,6:50,17800000
2023-12-25,2023-12-31,5,Dave Chappelle: The Dreamer,3,2200000,0:57,2100000
2023-12-25,2023-12-31,6,Fireplace for Your Home: Crackling Birchwood Fireplace,4,1900000,1:00,1900000
2023-12-25,2023-12-31,7,World War II: From the Frontlines: Season 1,4,1800000,4:51,8800000
2023-12-25,2023-12-31,8,Trevor Noah: Where Was I,2,1700000,1:08,1900000
2023-12-25,2023-12-31,9,Young Sheldon: Season 1,6,1500000,7:13,11000000
2023-12-25,2023-12-31,10,Bebefinn Playtime: 시즌 1,1,1500000,1:01,1500000
2024-01-01,2024-01-07,1,Fool Me Once: Limited Series,8,37100000,6:25,238200000
2024-01-01,2024-01-07,2,Dave Chappelle: The Dreamer,3,10200000,0:57,9700000
2024-01-01,2024-01-07,3,You Are What You Eat: A Twin Experiment: Limited Series,2,8000000,3:20,26700000
2024-01-01,2024-01-07,4,My Life With the Walter Boys: Season 1,10,4400000,7:37,33800000
2024-01-01,2024-01-07,5,The Brothers Sun: Season 1,5,4100000,7:20,30200000
2024-01-01,2024-01-07,6,Captains of the World: Season 1,1,3700000,4:44,17300000
2024-01-01,2024-01-07,7,The Crown: Season 6,8,2500000,8:45,21500000
2024-01-01,2024-01-07,8,Ricky Gervais: Armageddon,2,2100000,1:03,2200000
2024-01-01,2024-01-07,9,Obliterated: Season 1,6,2000000,6:50,13700000
2024-01-01,2024-01-07,10,Peppa Pig: Season 6,1,1700000,2:02,3500000
2024-01-08,2024-01-14,1,Fool Me Once: Limited Series,8,23900000,6:25,153300000
2024-01-08,2024-01-14,2,The Brothers Sun: Season 1,5,6900000,7:20,50500000
2024-01-08,2024-01-14,3,Jeffrey Epstein: Filthy Rich: Limited Series,4,4000000,3:46,15100000
2024-01-08,2024-01-14,4,You Are What You Eat: A Twin Experiment: Limited Series,2,3900000,3:20,13100000
2024-01-08,2024-01-14,5,Boy Swallows Universe: Limited Series,3,3600000,6:44,24500000
2024-01-08,2024-01-14,6,My Life With the Walter Boys: Season 1,10,3000000,7:37,22500000
2024-01-08,2024-01-14,7,Dave Chappelle: The Dreamer,3,2600000,0:57,2500000
2024-01-08,2024-01-14,8,Pete Davidson: Turbo Fonzarelli,1,2300000,0:56,2100000
2024-01-08,2024-01-14,9,The Trust: Season 1,1,2100000,3:31,7500000
2024-01-08,2024-01-14,10,Sonic Prime: Season 3,2,2100000,2:50,5900000
2024-01-15,2024-01-21,1,American Nightmare: Season 1,5,21400000,2:15,48100000
2024-01-15,2024-01-21,2,Fool Me Once: Limited Series,8,11200000,6:25,71700000
2024-01-15,2024-01-21,3,Boy Swallows Universe: Limited Series,3,4000000,6:44,27200000
2024-01-15,2024-01-21,4,Yellowstone: Season 1,3,3700000,7:32,27600000
2024-01-15,2024-01-21,5,The Brothers Sun: Season 1,5,2700000,7:20,19700000
2024-01-15,2024-01-21,6,My Life With the Walter Boys: Season 1,10,2100000,7:37,16100000
2024-01-15,2024-01-21,7,The Stranger: Limited Series,1,2000000,6:07,12200000
2024-01-15,2024-01-21,8,Sonic Prime: Season 3,2,1800000,2:50,5100000
2024-01-15,2024-01-21,9,Yellowstone: Season 2,2,1700000,7:46,13200000
2024-01-15,2024-01-21,10,Loudermilk: Season 1,1,1700000,4:44,8000000
2024-01-22,2024-01-28,1,Griselda: Limited Series,6,20600000,5:32,113800000
2024-01-22,2024-01-28,2,American Nightmare: Season 1,5,13000000,2:15,29300000
2024-01-22,2024-01-28,3,Fool Me Once: Limited Series,8,7600000,6:25,48800000
2024-01-22,2024-01-28,4,Love on the Spectrum: Season 2,3,3000000,5:09,15500000
2024-01-22,2024-01-28,5,Yellowstone: Season 1,3,2000000,7:32,14700000
2024-01-22,2024-01-28,6,The Brothers Sun: Season 1,5,1900000,7:20,14200000
2024-01-22,2024-01-28,7,Boy Swallows Universe: Limited Series,3,1700000,6:44,11600000
2024-01-22,2024-01-28,8,Yellowstone: Season 2,2,1700000,7:46,13000000
2024-01-22,2024-01-28,9,Masters of the Universe: Revolution: Season 1,1,1500000,2:12,3400000
2024-01-22,2024-01-28,10,My Life With the Walter Boys: Season 1,10,1500000,7:37,11500000
2024-01-29,2024-02-04,1,Griselda: Limited Series,6,20600000,5:32,114100000
2024-01-29,2024-02-04,2,Alexander: The Making of a God: Season 1,2,7100000,3:55,27700000
2024-01-29,2024-02-04,3,American Nightmare: Season 1,5,5600000,2:15,12600000
2024-01-29,2024-02-04,4,Fool Me Once: Limited Series,8,5100000,6:25,33000000
2024-01-29,2024-02-04,5,Love on the Spectrum: Season 2,3,2300000,5:09,11800000
2024-01-29,2024-02-04,6,The Tourist: Season 1,4,2000000,5:42,11400000
2024-01-29,2024-02-04,7,The Brothers Sun: Season 1,5,1600000,7:20,11500000
2024-01-29,2024-02-04,8,Yellowstone: Season 1,3,1500000,7:32,11100000
2024-01-29,2024-02-04,9,Full Speed: Season 1,1,1500000,3:55,5700000
2024-01-29,2024-02-04,10,Young Sheldon: Season 6,2,1300000,7:08,9500000
2024-02-05,2024-02-11,1,Griselda: Limited Series,6,10300000,5:32,56900000
2024-02-05,2024-02-11,2,The Tourist: Season 1,4,6800000,5:42,38700000
2024-02-05,2024-02-11,3,One Day: Limited Series,7,5300000,6:40,35200000
2024-02-05,2024-02-11,4,Alexander: The Making of a God: Season 1,2,3500000,3:55,13700000
2024-02-05,2024-02-11,5,Fool Me Once: Limited Series,8,3300000,6:25,21100000
2024-02-05,2024-02-11,6,American Nightmare: Season 1,5,3000000,2:15,6700000
2024-02-05,2024-02-11,7,"House, M.D.: Season 1",2,2300000,16:00,36500000
2024-02-05,2024-02-11,8,Regular Show: Season 1,1,1600000,varies,3600000
2024-02-05,2024-02-11,9,Young Sheldon: Season 6,2,1500000,7:08,10800000
2024-02-05,2024-02-11,10,Love on the Spectrum: Season 2,3,1200000,5:09,6400000
2024-02-12,2024-02-18,1,One Day: Limited Series,7,9900000,6:40,66300000
2024-02-12,2024-02-18,2,Love Is Blind: S6: Charlotte,5,6300000,6:18,39500000
2024-02-12,2024-02-18,3,Griselda: Limited Series,6,5800000,5:32,32000000
2024-02-12,2024-02-18,4,The Tourist: Season 1,4,4900000,5:42,28200000
2024-02-12,2024-02-18,5,Fool Me Once: Limited Series,8,2300000,6:25,15000000
2024-02-12,2024-02-18,6,Taylor Tomlinson: Have It All,1,2300000,1:07,2600000
2024-02-12,2024-02-18,7,American Nightmare: Season 1,5,2200000,2:15,4900000
2024-02-12,2024-02-18,8,Warrior: Season 1,3,1700000,8:06,14100000
2024-02-12,2024-02-18,9,Resident Alien: Season 1,5,1700000,7:33,12700000
2024-02-12,2024-02-18,10,"House, M.D.: Season 1",2,1700000,16:00,26700000
2024-02-19,2024-02-25,1,Avatar The Last Airbender: Season 1,6,21200000,7:15,153400000
2024-02-19,2024-02-25,2,One Day: Limited Series,7,7500000,6:40,50300000
2024-02-19,2024-02-25,3,Love Is Blind: S6: Charlotte,5,7500000,8:59,67000000
2024-02-19,2024-02-25,4,Can I Tell You A Secret?: Limited Series,2,6500000,1:42,11000000
2024-02-19,2024-02-25,5,Griselda: Limited Series,6,3100000,5:32,17300000
2024-02-19,2024-02-25,6,Warrior: Season 1,3,3100000,8:06,25300000
2024-02-19,2024-02-25,7,Mike Epps: Ready to Sell Out,1,3000000,1:01,3100000
2024-02-19,2024-02-25,8,Formula 1: Drive to Survive: Season 6,2,2900000,7:28,21800000
2024-02-19,2024-02-25,9,Resident Alien: Season 1,5,2200000,7:33,16400000
2024-02-19,2024-02-25,10,The Tourist: Season 1,4,2100000,5:42,11700000
2024-02-26,2024-03-03,1,Avatar The Last Airbender: Season 1,6,19900000,7:15,144200000
2024-02-26,2024-03-03,2,Love Is Blind: S6: Charlotte,5,5100000,11:10,57500000
2024-02-26,2024-03-03,3,One Day: Limited Series,7,4800000,6:40,32300000
2024-02-26,2024-03-03,4,American Conspiracy: The Octopus Murders: Season 1,2,3900000,3:44,14500000
2024-02-26,2024-03-03,5,Formula 1: Drive to Survive: Season 6,2,3800000,7:28,28100000
2024-02-26,2024-03-03,6,Can I Tell You A Secret?: Limited Series,2,2700000,1:42,4600000
2024-02-26,2024-03-03,7,The Indrani Mukerjea Story: Buried Truth: Season 1,1,2200000,3:04,6900000
2024-02-26,2024-03-03,8,Griselda: Limited Series,6,1800000,5:32,10000000
2024-02-26,2024-03-03,9,Warrior: Season 1,3,1800000,8:06,14400000
2024-02-26,2024-03-03,10,Resident Alien: Season 1,5,1700000,7:33,13200000
2024-03-04,2024-03-10,1,The Gentlemen: Season 1,10,12200000,6:41,81500000
2024-03-04,2024-03-10,2,Avatar The Last Airbender: Season 1,6,9100000,7:15,65700000
2024-03-04,2024-03-10,3,"The Program: Cons, Cults and Kidnapping: Limited Series",3,7100000,3:12,22700000
2024-03-04,2024-03-10,4,Hot Wheels Let's Race: Season 1,4,4000000,4:02,16300000
2024-03-04,2024-03-10,5,Love Is Blind: S6: Charlotte,5,3400000,12:42,43800000
2024-03-04,2024-03-10,6,One Day: Limited Series,7,3100000,6:40,20400000
2024-03-04,2024-03-10,7,American Conspiracy: The Octopus Murders: Season 1,2,2400000,3:44,8900000
2024-03-04,2024-03-10,8,Blood & Water: Season 4,1,2200000,4:40,10500000
2024-03-04,2024-03-10,9,Resident Alien: Season 1,5,2100000,7:33,16200000
2024-03-04,2024-03-10,10,The Tourist: Season 2,1,2000000,5:45,11300000
2024-03-11,2024-03-17,1,The Gentlemen: Season 1,10,20100000,6:41,134200000
2024-03-11,2024-03-17,2,Avatar The Last Airbender: Season 1,6,5200000,7:15,37500000
2024-03-11,2024-03-17,3,"The Program: Cons, Cults and Kidnapping: Limited Series",3,3300000,3:12,10600000
2024-03-11,2024-03-17,4,Hot Wheels Let's Race: Season 1,4,3300000,4:02,13200000
2024-03-11,2024-03-17,5,Love Is Blind: S6: Charlotte,5,3200000,14:19,45600000
2024-03-11,2024-03-17,6,Turning Point: The Bomb and the Cold War: Season 1,2,2000000,10:17,20300000
2024-03-11,2024-03-17,7,One Day: Limited Series,7,1900000,6:40,12700000
2024-03-11,2024-03-17,8,Blown Away: Season 4,1,1500000,5:13,7600000
2024-03-11,2024-03-17,9,Steve Treviño: Simple Man,1,1300000,0:57,1200000
2024-03-11,2024-03-17,10,Resident Alien: Season 1,5,1200000,7:33,9300000
2024-03-18,2024-03-24,1,The Gentlemen: Season 1,10,11700000,6:41,78000000
2024-03-18,2024-03-24,2,3 Body Problem: Season 1,7,11000000,7:24,81700000
2024-03-18,2024-03-24,3,Homicide: New York: Season 1,2,6600000,4:31,29700000
2024-03-18,2024-03-24,4,Avatar The Last Airbender: Season 1,6,3400000,7:15,24600000
2024-03-18,2024-03-24,5,Hot Wheels Let's Race: Season 1,4,2400000,4:02,9500000
2024-03-18,2024-03-24,6,Monk: Season 1,1,2000000,9:21,18400000
2024-03-18,2024-03-24,7,Turning Point: The Bomb and the Cold War: Season 1,2,1300000,10:17,13700000
2024-03-18,2024-03-24,8,"The Program: Cons, Cults and Kidnapping: Limited Series",3,1300000,3:12,4100000
2024-03-18,2024-03-24,9,Fool Me Once: Limited Series,8,1300000,6:25,8100000
2024-03-18,2024-03-24,10,One Day: Limited Series,7,1300000,6:40,8400000
2024-03-25,2024-03-31,1,3 Body Problem: Season 1,7,15600000,7:24,115600000
2024-03-25,2024-03-31,2,Testament: The Story of Moses: Season 1,3,13500000,4:16,57400000
2024-03-25,2024-03-31,3,The Gentlemen: Season 1,10,7800000,6:41,51900000
2024-03-25,2024-03-31,4,Homicide: New York: Season 1,2,4700000,4:31,21100000
2024-03-25,2024-03-31,5,Avatar The Last Airbender: Season 1,6,2400000,7:15,17200000
2024-03-25,2024-03-31,6,Gabby's Dollhouse: Season 9,1,2300000,2:26,5500000
2024-03-25,2024-03-31,7,Bad Dinosaurs: Season 1,5,2000000,2:50,5600000
2024-03-25,2024-03-31,8,Buying Beverly Hills: Season 2,1,1900000,7:54,15200000
2024-03-25,2024-03-31,9,Hot Wheels Let's Race: Season 1,4,1900000,4:02,7600000
2024-03-25,2024-03-31,10,Dave Attell: Hot Cross Buns,1,1500000,0:40,1000000
2024-04-01,2024-04-07,1,3 Body Problem: Season 1,7,8300000,7:24,61300000
2024-04-01,2024-04-07,2,Testament: The Story of Moses: Season 1,3,5700000,4:16,24200000
2024-04-01,2024-04-07,3,The Gentlemen: Season 1,10,5600000,6:41,37300000
2024-04-01,2024-04-07,4,Files of the Unexplained: Season 1,2,4400000,4:50,21400000
2024-04-01,2024-04-07,5,Bad Dinosaurs: Season 1,5,4200000,2:50,11900000
2024-04-01,2024-04-07,6,Sex and the City: Season 1,1,2500000,4:57,12300000
2024-04-01,2024-04-07,7,Is It Cake?: Season 3,1,2500000,5:46,14200000
2024-04-01,2024-04-07,8,RIPLEY: Limited Series,2,2300000,7:29,16900000
2024-04-01,2024-04-07,9,THE MAGIC PRANK SHOW with Justin Willman: Season 1,1,2000000,2:52,5700000
2024-04-01,2024-04-07,10,Together: Treble Winners: Limited Series,1,1800000,4:31,8300000
2024-04-08,2024-04-14,1,3 Body Problem: Season 1,7,4800000,7:24,35500000
2024-04-08,2024-04-14,2,Unlocked: A Jail Experiment: Season 1,4,3900000,5:31,21600000
2024-04-08,2024-04-14,3,The Gentlemen: Season 1,10,3700000,6:41,24500000
2024-04-08,2024-04-14,4,Bad Dinosaurs: Season 1,5,3100000,2:50,8700000
2024-04-08,2024-04-14,5,Baby Reindeer: Limited Series,8,2600000,3:58,10400000
2024-04-08,2024-04-14,6,RIPLEY: Limited Series,2,2500000,7:29,18400000
2024-04-08,2024-04-14,7,Heartbreak High: Season 2,3,2300000,6:47,15800000
2024-04-08,2024-04-14,8,Files of the Unexplained: Season 1,2,2200000,4:50,10600000
2024-04-08,2024-04-14,9,Testament: The Story of Moses: Season 1,3,2100000,4:16,9000000
2024-04-08,2024-04-14,10,I Woke Up A Vampire: Season 2,1,1600000,3:26,5600000
2024-04-15,2024-04-21,1,Baby Reindeer: Limited Series,8,13300000,3:58,52800000
2024-04-15,2024-04-21,2,Unlocked: A Jail Experiment: Season 1,4,5000000,5:31,27800000
2024-04-15,2024-04-21,3,3 Body Problem: Season 1,7,3200000,7:24,24000000
2024-04-15,2024-04-21,4,Our Living World: Limited Series,2,3200000,3:21,10700000
2024-04-15,2024-04-21,5,Heartbreak High: Season 2,3,2900000,6:47,20000000
2024-04-15,2024-04-21,6,The Gentlemen: Season 1,10,2900000,6:41,19100000
2024-04-15,2024-04-21,7,Bad Dinosaurs: Season 1,5,2300000,2:50,6600000
2024-04-15,2024-04-21,8,Jimmy Carr: Natural Born Killer,1,2300000,1:00,2300000
2024-04-15,2024-04-21,9,The Circle: Season 6,2,2000000,3:15,6600000
2024-04-15,2024-04-21,10,CoComelon Lane: Season 1,6,1500000,3:55,5800000
2024-04-22,2024-04-28,1,Baby Reindeer: Limited Series,8,22000000,3:58,87400000
2024-04-22,2024-04-28,2,Dead Boy Detectives: Season 1,3,3100000,7:16,22200000
2024-04-22,2024-04-28,3,Unlocked: A Jail Experiment: Season 1,4,2500000,5:31,13600000
2024-04-22,2024-04-28,4,CoComelon Lane: Season 2,2,2300000,2:06,4800000
2024-04-22,2024-04-28,5,The Gentlemen: Season 1,10,2300000,6:41,15100000
2024-04-22,2024-04-28,6,3 Body Problem: Season 1,7,2200000,7:24,16000000
2024-04-22,2024-04-28,7,Our Living World: Limited Series,2,1900000,3:21,6400000
2024-04-22,2024-04-28,8,The Circle: Season 6,2,1800000,6:36,12200000
2024-04-22,2024-04-28,9,Heartbreak High: Season 2,3,1800000,6:47,12000000
2024-04-22,2024-04-28,10,Bad Dinosaurs: Season 1,5,1600000,2:50,4600000
2024-04-29,2024-05-05,1,Baby Reindeer: Limited Series,8,18600000,3:58,73600000
2024-04-29,2024-05-05,2,A Man in Full: Limited Series,3,6300000,4:28,28000000
2024-04-29,2024-05-05,3,Dead Boy Detectives: Season 1,3,4700000,7:16,34100000
2024-04-29,2024-05-05,4,Katt Williams: Woke Foke,2,4000000,1:02,4100000
2024-04-29,2024-05-05,5,Selling The OC: Season 3,2,2200000,4:38,10300000
2024-04-29,2024-05-05,6,The Roast of Tom Brady,3,2000000,3:04,6200000
2024-04-29,2024-05-05,7,The Gentlemen: Season 1,10,1800000,6:41,11700000
2024-04-29,2024-05-05,8,CoComelon Lane: Season 2,2,1600000,2:06,3400000
2024-04-29,2024-05-05,9,3 Body Problem: Season 1,7,1500000,7:24,11400000
2024-04-29,2024-05-05,10,Unlocked: A Jail Experiment: Season 1,4,1200000,5:31,6800000
2024-05-06,2024-05-12,1,The Roast of Tom Brady,3,13800000,3:04,42200000
2024-05-06,2024-05-12,2,Baby Reindeer: Limited Series,8,11400000,3:58,45400000
2024-05-06,2024-05-12,3,A Man in Full: Limited Series,3,6700000,4:28,29800000
2024-05-06,2024-05-12,4,Katt Williams: Woke Foke,2,4300000,1:02,4400000
2024-05-06,2024-05-12,5,Bodkin: Season 1,3,3300000,5:48,18900000
2024-05-06,2024-05-12,6,Selling The OC: Season 3,2,2700000,4:38,12600000
2024-05-06,2024-05-12,7,Dead Boy Detectives: Season 1,3,1800000,7:16,13300000
2024-05-06,2024-05-12,8,Bridgerton: Season 1,20,1700000,8:12,13600000
2024-05-06,2024-05-12,9,Bridgerton: Season 2,22,1400000,8:30,12000000
2024-05-06,2024-05-12,10,The Gentlemen: Season 1,10,1400000,6:41,9100000
2024-05-13,2024-05-19,1,Bridgerton: Season 3,14,45100000,3:40,165200000
2024-05-13,2024-05-19,2,"Ashley Madison: Sex, Lies & Scandal: Season 1",2,9500000,2:36,24600000
2024-05-13,2024-05-19,3,Baby Reindeer: Limited Series,8,7400000,3:58,29500000
2024-05-13,2024-05-19,4,Bridgerton: Season 1,20,4500000,8:12,37300000
2024-05-13,2024-05-19,5,Kevin Hart: The Kennedy Center Mark Twain Prize for American Humor,1,4100000,1:19,5400000
2024-05-13,2024-05-19,6,Bodkin: Season 1,3,4000000,5:48,23300000
2024-05-13,2024-05-19,7,The Roast of Tom Brady,3,3400000,3:04,10500000
2024-05-13,2024-05-19,8,Bridgerton: Season 2,22,3300000,8:30,27700000
2024-05-13,2024-05-19,9,A Man in Full: Limited Series,3,2400000,4:28,10900000
2024-05-13,2024-05-19,10,Blood of Zeus: Season 2,1,1800000,4:01,7400000
2024-05-20,2024-05-26,1,Bridgerton: Season 3,14,25300000,3:40,92800000
2024-05-20,2024-05-26,2,Bridgerton: Season 1,20,6400000,8:12,52700000
2024-05-20,2024-05-26,3,"Ashley Madison: Sex, Lies & Scandal: Season 1",2,6300000,2:36,16300000
2024-05-20,2024-05-26,4,Bridgerton: Season 2,22,5300000,8:30,44700000
2024-05-20,2024-05-26,5,Baby Reindeer: Limited Series,8,4500000,3:58,17700000
2024-05-20,2024-05-26,6,Jurassic World: Chaos Theory: Season 1,2,3800000,3:56,15000000
2024-05-20,2024-05-26,7,Tires: Season 1,2,3800000,2:15,8500000
2024-05-20,2024-05-26,8,Queen Charlotte: A Bridgerton Story: Season 1,10,3100000,6:29,20400000
2024-05-20,2024-05-26,9,Bodkin: Season 1,3,1900000,5:48,11200000
2024-05-20,2024-05-26,10,Buying London: Season 1,1,1900000,4:12,8000000
2024-05-27,2024-06-02,1,Bridgerton: Season 3,14,11600000,3:40,42400000
2024-05-27,2024-06-02,2,Dancing for the Devil: The 7M TikTok Cult: Season 1,3,8800000,2:41,23500000
2024-05-27,2024-06-02,3,Eric: Limited Series,4,6800000,5:21,36500000
2024-05-27,2024-06-02,4,Jurassic World: Chaos Theory: Season 1,2,5100000,3:56,20200000
2024-05-27,2024-06-02,5,Bridgerton: Season 2,22,4000000,8:30,34000000
2024-05-27,2024-06-02,6,Bridgerton: Season 1,20,4000000,8:12,32500000
2024-05-27,2024-06-02,7,Geek Girl: Season 1,4,3400000,5:38,18900000
2024-05-27,2024-06-02,8,Tires: Season 1,2,3100000,2:15,7000000
2024-05-27,2024-06-02,9,Queen Charlotte: A Bridgerton Story: Season 1,10,3100000,6:29,20100000
2024-05-27,2024-06-02,10,Baby Reindeer: Limited Series,8,2800000,3:58,11300000
2024-06-03,2024-06-09,1,Eric: Limited Series,4,10100000,5:21,54300000
2024-06-03,2024-06-09,2,Geek Girl: Season 1,4,7300000,5:38,41000000
2024-06-03,2024-06-09,3,Bridgerton: Season 3,14,6900000,3:40,25300000
2024-06-03,2024-06-09,4,Dancing for the Devil: The 7M TikTok Cult: Season 1,3,6700000,2:41,18000000
2024-06-03,2024-06-09,5,Sweet Tooth: Season 3,4,5400000,6:18,34300000
2024-06-03,2024-06-09,6,Hitler and the Nazis: Evil on Trial: Season 1,2,3400000,6:22,21900000
2024-06-03,2024-06-09,7,Bridgerton: Season 2,22,2700000,8:30,22700000
2024-06-03,2024-06-09,8,Perfect Match: Season 2,4,2500000,5:09,12900000
2024-06-03,2024-06-09,9,Jo Koy: Live from Brooklyn,1,2500000,1:00,2500000
2024-06-03,2024-06-09,10,Bridgerton: Season 1,20,2400000,8:12,19900000
2024-06-10,2024-06-16,1,Bridgerton: Season 3,14,28000000,7:59,223300000
2024-06-10,2024-06-16,2,Sweet Tooth: Season 3,4,6000000,6:18,37600000
2024-06-10,2024-06-16,3,Perfect Match: Season 2,4,5100000,7:50,39900000
2024-06-10,2024-06-16,4,Eric: Limited Series,4,4900000,5:21,26000000
2024-06-10,2024-06-16,5,Geek Girl: Season 1,4,3800000,5:38,21400000
2024-06-10,2024-06-16,6,Bridgerton: Season 1,20,2700000,8:12,22000000
2024-06-10,2024-06-16,7,Hitler and the Nazis: Evil on Trial: Season 1,2,2700000,6:22,16900000
2024-06-10,2024-06-16,8,Dancing for the Devil: The 7M TikTok Cult: Season 1,3,2400000,2:41,6400000
2024-06-10,2024-06-16,9,Bridgerton: Season 2,22,2300000,8:30,19800000
2024-06-10,2024-06-16,10,Your Honor: Season 1,3,2200000,9:27,20700000
2024-06-17,2024-06-23,1,Bridgerton: Season 3,14,16500000,7:59,131500000
2024-06-17,2024-06-23,2,Perfect Match: Season 2,4,3600000,9:37,34600000
2024-06-17,2024-06-23,3,Bridgerton: Season 1,20,3500000,8:12,28400000
2024-06-17,2024-06-23,4,Sweet Tooth: Season 3,4,3100000,6:18,19700000
2024-06-17,2024-06-23,5,Bridgerton: Season 2,22,3000000,8:30,25100000
2024-06-17,2024-06-23,6,Eric: Limited Series,4,2900000,5:21,15500000
2024-06-17,2024-06-23,7,Your Honor: Season 1,3,2600000,9:27,24100000
2024-06-17,2024-06-23,8,AMERICA'S SWEETHEARTS: Dallas Cowboys Cheerleaders: Season 1,4,2300000,6:38,15400000
2024-06-17,2024-06-23,9,Geek Girl: Season 1,4,2300000,5:38,12900000
2024-06-17,2024-06-23,10,Queen Charlotte: A Bridgerton Story: Season 1,10,2100000,6:29,13600000
2024-06-24,2024-06-30,1,Bridgerton: Season 3,14,6600000,7:59,52900000
2024-06-24,2024-06-30,2,Supacell: Season 1,6,6400000,5:12,33500000
2024-06-24,2024-06-30,3,Worst Roommate Ever: Season 2,3,5700000,3:36,20500000
2024-06-24,2024-06-30,4,AMERICA'S SWEETHEARTS: Dallas Cowboys Cheerleaders: Season 1,4,3700000,6:38,24500000
2024-06-24,2024-06-30,5,Bridgerton: Season 2,22,2100000,8:30,17800000
2024-06-24,2024-06-30,6,Bridgerton: Season 1,20,2000000,8:12,16400000
2024-06-24,2024-06-30,7,Your Honor: Season 1,3,2000000,9:27,18600000
2024-06-24,2024-06-30,8,Queen Charlotte: A Bridgerton Story: Season 1,10,1800000,6:29,11700000
2024-06-24,2024-06-30,9,Sweet Tooth: Season 3,4,1800000,6:18,11200000
2024-06-24,2024-06-30,10,Perfect Match: Season 2,4,1700000,9:37,16800000
2024-07-01,2024-07-07,1,Supacell: Season 1,6,11800000,5:12,61200000
2024-07-01,2024-07-07,2,The Man with 1000 Kids: Limited Series,2,6600000,2:05,13800000
2024-07-01,2024-07-07,3,Worst Roommate Ever: Season 2,3,5400000,3:36,19400000
2024-07-01,2024-07-07,4,Bridgerton: Season 3,14,4000000,7:59,31600000
2024-07-01,2024-07-07,5,Owning Manhattan: Season 1,1,2600000,6:08,16000000
2024-07-01,2024-07-07,6,SPRINT: Season 1,2,2400000,4:09,10000000
2024-07-01,2024-07-07,7,AMERICA'S SWEETHEARTS: Dallas Cowboys Cheerleaders: Season 1,4,2300000,6:38,15400000
2024-07-01,2024-07-07,8,That '90s Show: Part 2,1,1800000,3:04,5600000
2024-07-01,2024-07-07,9,The Mole: Season 2,1,1800000,6:17,11100000
2024-07-01,2024-07-07,10,Worst Roommate Ever: Season 1,3,1700000,4:04,6900000
2024-07-08,2024-07-14,1,Supacell: Season 1,6,7100000,5:12,37100000
2024-07-08,2024-07-14,2,The Man with 1000 Kids: Limited Series,2,5400000,2:05,11300000
2024-07-08,2024-07-14,3,Vikings: Valhalla: Season 3,5,5400000,6:24,34400000
2024-07-08,2024-07-14,4,Bridgerton: Season 3,14,2700000,7:59,21200000
2024-07-08,2024-07-14,5,Worst Roommate Ever: Season 2,3,2300000,3:36,8100000
2024-07-08,2024-07-14,6,Receiver: Season 1,1,2200000,7:21,16100000
2024-07-08,2024-07-14,7,Hannah Berner: We Ride at Dawn,1,1900000,0:51,1600000
2024-07-08,2024-07-14,8,AMERICA'S SWEETHEARTS: Dallas Cowboys Cheerleaders: Season 1,4,1900000,6:38,12300000
2024-07-08,2024-07-14,9,SPRINT: Season 1,2,1600000,4:09,6500000
2024-07-08,2024-07-14,10,Exploding Kittens: Season 1,2,1600000,3:51,6000000
2024-07-15,2024-07-21,1,Cobra Kai: Season 6,9,14800000,3:12,47500000
2024-07-15,2024-07-21,2,Vikings: Valhalla: Season 3,5,6400000,6:24,41000000
2024-07-15,2024-07-21,3,Simone Biles Rising: Season 1,5,4700000,1:45,8300000
2024-07-15,2024-07-21,4,Homicide: Los Angeles,2,4300000,4:33,19600000
2024-07-15,2024-07-21,5,Supacell: Season 1,6,4200000,5:12,21900000
2024-07-15,2024-07-21,6,Vikings: Valhalla: Season 1,8,2400000,6:52,16300000
2024-07-15,2024-07-21,7,Too Hot to Handle: Season 6,4,2000000,3:50,7700000
2024-07-15,2024-07-21,8,Exploding Kittens: Season 1,2,1900000,3:51,7500000
2024-07-15,2024-07-21,9,Bridgerton: Season 3,14,1900000,7:59,14900000
2024-07-15,2024-07-21,10,Vikings: Valhalla: Season 2,5,1900000,6:29,12000000
2024-07-22,2024-07-28,1,Cobra Kai: Season 6,9,9500000,3:12,30300000
2024-07-22,2024-07-28,2,Dirty Pop: The Boy Band Scam: Limited Series,2,5600000,2:09,12100000
2024-07-22,2024-07-28,3,Too Hot to Handle: Season 6,4,3800000,6:37,25200000
2024-07-22,2024-07-28,4,Simone Biles Rising: Season 1,5,3500000,1:45,6100000
2024-07-22,2024-07-28,5,Vikings: Valhalla: Season 3,5,3300000,6:24,21400000
2024-07-22,2024-07-28,6,Supacell: Season 1,6,2500000,5:12,13200000
2024-07-22,2024-07-28,7,Homicide: Los Angeles,2,2400000,4:33,11000000
2024-07-22,2024-07-28,8,The Decameron: Limited Series,2,2100000,7:21,15300000
2024-07-22,2024-07-28,9,Cobra Kai: Season 1,3,1900000,5:05,9600000
2024-07-22,2024-07-28,10,Bridgerton: Season 3,14,1500000,7:59,11700000
2024-07-29,2024-08-04,1,A Good Girl's Guide to Murder: Season 1,3,7400000,4:37,34000000
2024-07-29,2024-08-04,2,Cobra Kai: Season 6,9,4100000,3:12,13100000
2024-07-29,2024-08-04,3,Simone Biles Rising: Season 1,5,3800000,1:45,6700000
2024-07-29,2024-08-04,4,Dirty Pop: The Boy Band Scam: Limited Series,2,3500000,2:09,7600000
2024-07-29,2024-08-04,5,Unsolved Mysteries: Volume 4,2,3100000,3:54,12200000
2024-07-29,2024-08-04,6,Too Hot to Handle: Season 6,4,2700000,9:11,24600000
2024-07-29,2024-08-04,7,Joe Rogan: Burn the Boats,2,2500000,1:07,2800000
2024-07-29,2024-08-04,8,The Decameron: Limited Series,2,2100000,7:21,15600000
2024-07-29,2024-08-04,9,Vikings: Valhalla: Season 3,5,1900000,6:24,12400000
2024-07-29,2024-08-04,10,Supacell: Season 1,6,1400000,5:12,7500000
2024-08-05,2024-08-11,1,A Good Girl's Guide to Murder: Season 1,3,8400000,4:37,38900000
2024-08-05,2024-08-11,2,The Umbrella Academy: Season 4,5,8400000,5:40,47500000
2024-08-05,2024-08-11,3,Simone Biles Rising: Season 1,5,3700000,1:45,6500000
2024-08-05,2024-08-11,4,Love Is Blind: UK: Season 1,4,3600000,4:01,14400000
2024-08-05,2024-08-11,5,Gabby's Dollhouse: Season 10,2,3000000,2:26,7300000
2024-08-05,2024-08-11,6,Joe Rogan: Burn the Boats,2,2900000,1:07,3200000
2024-08-05,2024-08-11,7,Unsolved Mysteries: Volume 4,2,2700000,3:54,10600000
2024-08-05,2024-08-11,8,Cobra Kai: Season 6,9,2400000,3:12,7800000
2024-08-05,2024-08-11,9,Too Hot to Handle: Season 6,4,1500000,9:11,14100000
2024-08-05,2024-08-11,10,Vikings: Valhalla: Season 3,5,1300000,6:24,8200000
2024-08-12,2024-08-18,1,Emily in Paris: Season 4,8,19900000,2:50,56500000
2024-08-12,2024-08-18,2,American Murder: Laci Peterson: Season 1,5,12400000,2:40,33000000
2024-08-12,2024-08-18,3,The Umbrella Academy: Season 4,5,7600000,5:40,42800000
2024-08-12,2024-08-18,4,Matt Rife: Lucid - A Crowd Work Special,2,4900000,0:54,4400000
2024-08-12,2024-08-18,5,Love Is Blind: UK: Season 1,4,4000000,8:32,34400000
2024-08-12,2024-08-18,6,A Good Girl's Guide to Murder: Season 1,3,3700000,4:37,17100000
2024-08-12,2024-08-18,7,Gabby's Dollhouse: Season 10,2,1900000,2:26,4600000
2024-08-12,2024-08-18,8,Simone Biles Rising: Season 1,5,1800000,1:45,3200000
2024-08-12,2024-08-18,9,Emily in Paris: Season 1,6,1800000,4:49,8500000
2024-08-12,2024-08-18,10,Emily in Paris: Season 3,7,1700000,5:30,9200000
2024-08-19,2024-08-25,1,Emily in Paris: Season 4,8,14900000,2:50,42100000
2024-08-19,2024-08-25,2,American Murder: Laci Peterson: Season 1,5,10600000,2:40,28200000
2024-08-19,2024-08-25,3,Wyatt Earp and The Cowboy War: Season 1,2,3900000,3:52,15200000
2024-08-19,2024-08-25,4,The Umbrella Academy: Season 4,5,3500000,5:40,20100000
2024-08-19,2024-08-25,5,Love Is Blind: UK: Season 1,4,2600000,10:47,28300000
2024-08-19,2024-08-25,6,Dark Winds: Season 1,3,2300000,4:21,10000000
2024-08-19,2024-08-25,7,Emily in Paris: Season 1,6,2200000,4:49,10400000
2024-08-19,2024-08-25,8,Emily in Paris: Season 3,7,2100000,5:30,11600000
2024-08-19,2024-08-25,9,Lost: Season 1,1,2100000,17:51,36800000
2024-08-19,2024-08-25,10,Matt Rife: Lucid - A Crowd Work Special,2,1900000,0:54,1700000
2024-08-26,2024-09-01,1,Worst Ex Ever: Season 1,4,8400000,3:50,32300000
2024-08-26,2024-09-01,2,Emily in Paris: Season 4,8,6500000,2:50,18500000
2024-08-26,2024-09-01,3,American Murder: Laci Peterson: Season 1,5,4100000,2:40,10900000
2024-08-26,2024-09-01,4,KAOS: Season 1,4,3400000,6:40,22800000
2024-08-26,2024-09-01,5,Adam Sandler: Love You,1,2400000,1:14,2900000
2024-08-26,2024-09-01,6,Mermaid Magic: Season 1,2,2300000,4:19,9900000
2024-08-26,2024-09-01,7,Wyatt Earp and The Cowboy War: Season 1,2,2200000,3:52,8500000
2024-08-26,2024-09-01,8,The Umbrella Academy: Season 4,5,2100000,5:40,11900000
2024-08-26,2024-09-01,9,Love Is Blind: UK: Season 1,4,2000000,11:45,23200000
2024-08-26,2024-09-01,10,Dark Winds: Season 1,3,1600000,4:21,6900000
2024-09-02,2024-09-08,1,The Perfect Couple: Season 1,6,20300000,5:06,103500000
2024-09-02,2024-09-08,2,Worst Ex Ever: Season 1,4,7200000,3:50,27600000
2024-09-02,2024-09-08,3,KAOS: Season 1,4,5900000,6:40,39200000
2024-09-02,2024-09-08,4,Emily in Paris: Season 4,8,3800000,2:50,10800000
2024-09-02,2024-09-08,5,Prison Break: Season 1,6,3400000,16:01,54900000
2024-09-02,2024-09-08,6,Selling Sunset: Season 8,3,3000000,6:25,19400000
2024-09-02,2024-09-08,7,Outlast: Season 2,2,2200000,4:49,10600000
2024-09-02,2024-09-08,8,American Murder: Laci Peterson: Season 1,5,2000000,2:40,5400000
2024-09-02,2024-09-08,9,Mermaid Magic: Season 1,2,1500000,4:19,6300000
2024-09-02,2024-09-08,10,The Umbrella Academy: Season 4,5,1400000,5:40,7900000
2024-09-09,2024-09-15,1,The Perfect Couple: Season 1,6,21900000,5:06,111600000
2024-09-09,2024-09-15,2,Emily in Paris: Season 4,8,11500000,5:57,68700000
2024-09-09,2024-09-15,3,Prison Break: Season 1,6,4700000,16:01,74600000
2024-09-09,2024-09-15,4,Selling Sunset: Season 8,3,4400000,6:25,28300000
2024-09-09,2024-09-15,5,KAOS: Season 1,4,3400000,6:40,22400000
2024-09-09,2024-09-15,6,Worst Ex Ever: Season 1,4,2800000,3:50,10800000
2024-09-09,2024-09-15,7,Prison Break: Season 2,3,2800000,16:02,44300000
2024-09-09,2024-09-15,8,Outlast: Season 2,2,2200000,6:36,14800000
2024-09-09,2024-09-15,9,Hot Wheels Let's Race: Season 2,1,2200000,1:59,4300000
2024-09-09,2024-09-15,10,Prison Break: Season 3,3,1700000,9:23,15900000
2024-09-16,2024-09-22,1,Monsters: The Lyle and Erik Menendez Story,7,12300000,7:54,97500000
2024-09-16,2024-09-22,2,The Perfect Couple: Season 1,6,10400000,5:06,52900000
2024-09-16,2024-09-22,3,Emily in Paris: Season 4,8,9200000,5:57,54800000
2024-09-16,2024-09-22,4,Prison Break: Season 1,6,3400000,16:01,54100000
2024-09-16,2024-09-22,5,Prison Break: Season 2,3,2800000,16:02,44700000
2024-09-16,2024-09-22,6,Prison Break: Season 3,3,2200000,9:23,20700000
2024-09-16,2024-09-22,7,KAOS: Season 1,4,2200000,6:40,14500000
2024-09-16,2024-09-22,8,CoComelon: Season 11,1,2000000,1:05,2200000
2024-09-16,2024-09-22,9,Selling Sunset: Season 8,3,1700000,6:25,11000000
2024-09-16,2024-09-22,10,Worst Ex Ever: Season 1,4,1700000,3:50,6400000
2024-09-23,2024-09-29,1,Monsters: The Lyle and Erik Menendez Story,7,19500000,7:54,153800000
2024-09-23,2024-09-29,2,Nobody Wants This: Season 1,8,10300000,4:25,45700000
2024-09-23,2024-09-29,3,The Perfect Couple: Season 1,6,6000000,5:06,30700000
2024-09-23,2024-09-29,4,Mr. McMahon: Limited Series,2,4900000,5:46,28200000
2024-09-23,2024-09-29,5,Emily in Paris: Season 4,8,4200000,5:57,25100000
2024-09-23,2024-09-29,6,The Resident: Season 1,1,3300000,10:15,33800000
2024-09-23,2024-09-29,7,Prison Break: Season 1,6,2800000,16:01,45100000
2024-09-23,2024-09-29,8,Prison Break: Season 2,3,2400000,16:02,38400000
2024-09-23,2024-09-29,9,Ellen DeGeneres: For Your Approval,1,2400000,1:11,2800000
2024-09-23,2024-09-29,10,Prison Break: Season 3,3,2100000,9:23,20000000
2024-09-30,2024-10-06,1,Nobody Wants This: Season 1,8,15900000,4:25,70400000
2024-09-30,2024-10-06,2,Monsters: The Lyle and Erik Menendez Story,7,13100000,7:54,103600000
2024-09-30,2024-10-06,3,Love Is Blind: S7: Washington D.C.,4,5200000,6:57,36300000
2024-09-30,2024-10-06,4,Heartstopper: Season 3,2,4500000,4:43,21300000
2024-09-30,2024-10-06,5,The Perfect Couple: Season 1,6,3800000,5:06,19600000
2024-09-30,2024-10-06,6,Mr. McMahon: Limited Series,2,3400000,5:46,19500000
2024-09-30,2024-10-06,7,The Amazing Digital Circus: Season 1,2,3400000,1:20,4500000
2024-09-30,2024-10-06,8,Unsolved Mysteries: Volume 5,2,2800000,2:58,8200000
2024-09-30,2024-10-06,9,Emily in Paris: Season 4,8,2600000,5:57,15400000
2024-09-30,2024-10-06,10,Prison Break: Season 1,6,2300000,16:01,37000000
2024-10-07,2024-10-13,1,Outer Banks: Season 4,8,15500000,4:01,62300000
2024-10-07,2024-10-13,2,Nobody Wants This: Season 1,8,9600000,4:25,42300000
2024-10-07,2024-10-13,3,Monsters: The Lyle and Erik Menendez Story,7,8700000,7:54,68600000
2024-10-07,2024-10-13,4,Love Is Blind: S7: Washington D.C.,4,4900000,10:06,49300000
2024-10-07,2024-10-13,5,The Amazing Digital Circus: Season 1,2,3600000,1:20,4800000
2024-10-07,2024-10-13,6,Ali Wong: Single Lady,1,2700000,1:00,2700000
2024-10-07,2024-10-13,7,Heartstopper: Season 3,2,2600000,4:43,12400000
2024-10-07,2024-10-13,8,The Perfect Couple: Season 1,6,2500000,5:06,12700000
2024-10-07,2024-10-13,9,Unsolved Mysteries: Volume 5,2,1900000,2:58,5700000
2024-10-07,2024-10-13,10,Prison Break: Season 1,6,1800000,16:01,28600000
2024-10-14,2024-10-20,1,Outer Banks: Season 4,8,8800000,4:01,35200000
2024-10-14,2024-10-20,2,The Lincoln Lawyer: Season 3,6,7000000,8:31,59200000
2024-10-14,2024-10-20,3,Nobody Wants This: Season 1,8,6200000,4:25,27200000
2024-10-14,2024-10-20,4,Monsters: The Lyle and Erik Menendez Story,7,5300000,7:54,42000000
2024-10-14,2024-10-20,5,Love Is Blind: S7: Washington D.C.,4,3300000,12:32,41500000
2024-10-14,2024-10-20,6,Jurassic World: Chaos Theory: Season 2,1,2900000,3:55,11400000
2024-10-14,2024-10-20,7,Gundam: Requiem for Vengeance: Season 1,1,2400000,2:26,5800000
2024-10-14,2024-10-20,8,Outer Banks: Season 1,9,2200000,8:25,18400000
2024-10-14,2024-10-20,9,Ancient Apocalypse: The Americas,1,2200000,4:05,8900000
2024-10-14,2024-10-20,10,I AM A KILLER: Season 5,1,2000000,4:42,9600000
2024-10-21,2024-10-27,1,The Lincoln Lawyer: Season 3,6,8500000,8:31,72300000
2024-10-21,2024-10-27,2,This Is the Zodiac Speaking: Season 1,3,7500000,2:16,17100000
2024-10-21,2024-10-27,3,Territory: Season 1,3,6400000,5:46,37000000
2024-10-21,2024-10-27,4,Beauty in Black: Season 1,7,5600000,6:34,37100000
2024-10-21,2024-10-27,5,Nobody Wants This: Season 1,8,4000000,4:25,17800000
2024-10-21,2024-10-27,6,Outer Banks: Season 4,8,3900000,4:01,15500000
2024-10-21,2024-10-27,7,Monsters: The Lyle and Erik Menendez Story,7,3300000,7:54,26300000
2024-10-21,2024-10-27,8,The Lincoln Lawyer: Season 1,12,2700000,8:19,22300000
2024-10-21,2024-10-27,9,Car Masters: Rust to Riches: Season 6,1,2200000,5:05,11000000
2024-10-21,2024-10-27,10,Love Is Blind: S7: Washington D.C.,4,2200000,13:55,30000000
2024-10-28,2024-11-03,1,Beauty in Black: Season 1,7,8700000,6:34,57400000
2024-10-28,2024-11-03,2,Territory: Season 1,3,6300000,5:46,36300000
2024-10-28,2024-11-03,3,The Diplomat: Season 2,4,5600000,4:57,27500000
2024-10-28,2024-11-03,4,This Is the Zodiac Speaking: Season 1,3,5500000,2:16,12400000
2024-10-28,2024-11-03,5,The Lincoln Lawyer: Season 3,6,5000000,8:31,43000000
2024-10-28,2024-11-03,6,The Manhattan Alien Abduction: Season 1,1,4000000,2:05,8300000
2024-10-28,2024-11-03,7,Nobody Wants This: Season 1,8,2700000,4:25,12000000
2024-10-28,2024-11-03,8,Outer Banks: Season 4,8,2400000,4:01,9700000
2024-10-28,2024-11-03,9,Monsters: The Lyle and Erik Menendez Story,7,2200000,7:54,17100000
2024-10-28,2024-11-03,10,My Wife My Abuser: Captured On Camera: Season 1,1,2100000,1:31,3200000
2024-11-04,2024-11-10,1,Outer Banks: Season 4,8,8600000,8:58,77100000
2024-11-04,2024-11-10,2,Arcane: Season 2,6,6300000,2:00,12600000
2024-11-04,2024-11-10,3,The Diplomat: Season 2,4,5900000,4:57,29000000
2024-11-04,2024-11-10,4,Countdown: Paul vs. Tyson: Season 1,2,4400000,1:21,6000000
2024-11-04,2024-11-10,5,Beauty in Black: Season 1,7,4300000,6:34,28000000
2024-11-04,2024-11-10,6,The Lincoln Lawyer: Season 3,6,3400000,8:31,29300000
2024-11-04,2024-11-10,7,The Diplomat: Season 1,6,2600000,6:45,17500000
2024-11-04,2024-11-10,8,Territory: Season 1,3,2400000,5:46,13800000
2024-11-04,2024-11-10,9,This Is the Zodiac Speaking: Season 1,3,2100000,2:16,4800000
2024-11-04,2024-11-10,10,Investigation Alien: Season 1,2,2000000,3:47,7400000
2024-11-11,2024-11-17,1,Jake Paul vs. Mike Tyson,2,46600000,varies,224800000
2024-11-11,2024-11-17,2,Arcane: Season 2,6,7400000,4:01,29600000
2024-11-11,2024-11-17,3,Cobra Kai: Season 6,9,7400000,6:31,48000000
2024-11-11,2024-11-17,4,Outer Banks: Season 4,8,6100000,8:58,54700000
2024-11-11,2024-11-17,5,Countdown: Paul vs. Tyson: Season 1,2,4800000,1:53,9000000
2024-11-11,2024-11-17,6,The Diplomat: Season 2,4,3300000,4:57,16400000
2024-11-11,2024-11-17,7,Investigation Alien: Season 1,2,3000000,3:47,11400000
2024-11-11,2024-11-17,8,Arcane: Season 1,9,2600000,6:13,16400000
2024-11-11,2024-11-17,9,The Lincoln Lawyer: Season 3,6,2500000,8:31,21400000
2024-11-11,2024-11-17,10,Beauty in Black: Season 1,7,2200000,6:34,14400000
2024-11-18,2024-11-24,1,A Man on the Inside: Season 1,5,6900000,3:58,27500000
2024-11-18,2024-11-24,2,Arcane: Season 2,6,6400000,6:13,39800000
2024-11-18,2024-11-24,3,Cobra Kai: Season 6,9,5700000,6:31,37000000
2024-11-18,2024-11-24,4,Outer Banks: Season 4,8,2700000,8:58,24100000
2024-11-18,2024-11-24,5,Arcane: Season 1,9,2200000,6:13,13700000
2024-11-18,2024-11-24,6,Our Oceans: Season 1,1,2100000,5:07,10900000
2024-11-18,2024-11-24,7,The Diplomat: Season 2,4,2000000,4:57,9900000
2024-11-18,2024-11-24,8,The Fairly OddParents: A New Wish: Season 1,1,2000000,3:48,7500000
2024-11-18,2024-11-24,9,Jake Paul vs. Mike Tyson,2,1800000,varies,8700000
2024-11-18,2024-11-24,10,The Lincoln Lawyer: Season 3,6,1700000,8:31,14500000
2024-11-25,2024-12-01,1,Cold Case: Who Killed JonBenét Ramsey: Season 1,3,13400000,3:00,40300000
2024-11-25,2024-12-01,2,The Madness: Limited Series,6,9300000,6:35,61200000
2024-11-25,2024-12-01,3,A Man on the Inside: Season 1,5,7000000,3:58,27800000
2024-11-25,2024-12-01,4,Arcane: Season 2,6,4200000,6:13,26300000
2024-11-25,2024-12-01,5,Is It Cake? Holiday: Season 1,2,3500000,2:41,9400000
2024-11-25,2024-12-01,6,Cobra Kai: Season 6,9,2600000,6:31,17000000
2024-11-25,2024-12-01,7,Anthony Jeselnik: Bones and All,1,2400000,0:51,2000000
2024-11-25,2024-12-01,8,The Creature Cases: Chapter 4,1,2300000,2:43,6200000
2024-11-25,2024-12-01,9,Arcane: Season 1,9,2200000,6:13,13600000
2024-11-25,2024-12-01,10,Outer Banks: Season 4,8,1600000,8:58,14200000
2024-12-02,2024-12-08,1,The Madness: Limited Series,6,13300000,6:35,87300000
2024-12-02,2024-12-08,2,Black Doves: Season 1,6,10800000,5:30,59400000
2024-12-02,2024-12-08,3,La Brea: Season 1,3,5000000,7:11,35600000
2024-12-02,2024-12-08,4,Cold Case: Who Killed JonBenét Ramsey: Season 1,3,4600000,3:00,13700000
2024-12-02,2024-12-08,5,The Ultimatum: Marry or Move On: Season 3,3,3300000,4:32,15100000
2024-12-02,2024-12-08,6,Is It Cake? Holiday: Season 1,2,3100000,2:41,8200000
2024-12-02,2024-12-08,7,A Man on the Inside: Season 1,5,3000000,3:58,12000000
2024-12-02,2024-12-08,8,A Nonsense Christmas with Sabrina Carpenter,2,2600000,0:50,2200000
2024-12-02,2024-12-08,9,Arcane: Season 2,6,2300000,6:13,14300000
2024-12-02,2024-12-08,10,The Later Daters: Season 1,1,1800000,5:32,9800000
2024-12-09,2024-12-15,1,Black Doves: Season 1,6,14600000,5:30,80100000
2024-12-09,2024-12-15,2,Jamie Foxx: What Had Happened Was...,2,8200000,1:09,9400000
2024-12-09,2024-12-15,3,No Good Deed: Season 1,4,6000000,4:33,27400000
2024-12-09,2024-12-15,4,The Madness: Limited Series,6,5400000,6:35,35600000
2024-12-09,2024-12-15,5,The Ultimatum: Marry or Move On: Season 3,3,3400000,7:20,24600000
2024-12-09,2024-12-15,6,La Brea: Season 1,3,2600000,7:11,18600000
2024-12-09,2024-12-15,7,A Nonsense Christmas with Sabrina Carpenter,2,2000000,0:50,1700000
2024-12-09,2024-12-15,8,A Man on the Inside: Season 1,5,1900000,3:58,7700000
2024-12-09,2024-12-15,9,The Kings of Tupelo: A Southern Crime Saga: Season 1,1,1800000,3:15,6000000
2024-12-09,2024-12-15,10,Cold Case: Who Killed JonBenét Ramsey: Season 1,3,1800000,3:00,5400000
2024-12-16,2024-12-22,1,Virgin River: Season 6,4,8100000,8:19,67700000
2024-12-16,2024-12-22,2,Black Doves: Season 1,6,6700000,5:30,37000000
2024-12-16,2024-12-22,3,No Good Deed: Season 1,4,5600000,4:33,25600000
2024-12-16,2024-12-22,4,The Madness: Limited Series,6,3100000,6:35,20300000
2024-12-16,2024-12-22,5,Jamie Foxx: What Had Happened Was...,2,2400000,1:09,2800000
2024-12-16,2024-12-22,6,The Ultimatum: Marry or Move On: Season 3,3,2100000,9:14,19500000
2024-12-16,2024-12-22,7,Aaron Rodgers: Enigma: Season 1,1,1800000,3:20,6000000
2024-12-16,2024-12-22,8,Ronny Chieng: Love to Hate It,1,1500000,1:05,1600000
2024-12-16,2024-12-22,9,A Man on the Inside: Season 1,5,1400000,3:58,5400000
2024-12-16,2024-12-22,10,Arcane: Season 2,6,1200000,6:13,7700000
2024-12-23,2024-12-29,1,Christmas Gameday: Ravens vs. Texans,1,14400000,varies,42800000
2024-12-23,2024-12-29,2,Christmas Gameday: Chiefs vs. Steelers,1,14300000,varies,41200000
2024-12-23,2024-12-29,3,Virgin River: Season 6,4,9200000,8:19,76100000
2024-12-23,2024-12-29,4,"Your Friend, Nate Bargatze",2,6300000,1:04,6700000
2024-12-23,2024-12-29,5,Black Doves: Season 1,6,5400000,5:30,29800000
2024-12-23,2024-12-29,6,Fireplace for Your Home: Crackling Birchwood Fireplace,4,3600000,1:00,3600000
2024-12-23,2024-12-29,7,The Madness: Limited Series,6,3000000,6:35,19900000
2024-12-23,2024-12-29,8,No Good Deed: Season 1,4,2700000,4:33,12300000
2024-12-23,2024-12-29,9,Fireplace for Your Home: Classic Crackling Fireplace,1,1600000,1:00,1600000
2024-12-23,2024-12-29,10,Virgin River: Season 1,4,1300000,7:25,9900000
2024-12-30,2025-01-05,1,Missing You: Limited Series,4,21700000,3:46,81700000
2024-12-30,2025-01-05,2,Virgin River: Season 6,4,5200000,8:19,43400000
2024-12-30,2025-01-05,3,Black Doves: Season 1,6,5000000,5:30,27300000
2024-12-30,2025-01-05,4,Departure: Season 1,2,3600000,4:16,15200000
2024-12-30,2025-01-05,5,The Madness: Limited Series,6,2800000,6:35,18300000
2024-12-30,2025-01-05,6,"Your Friend, Nate Bargatze",2,2500000,1:04,2700000
2024-12-30,2025-01-05,7,No Good Deed: Season 1,4,2300000,4:33,10600000
2024-12-30,2025-01-05,8,Torching 2024: A Roast of the Year,1,2100000,0:43,1500000
2024-12-30,2025-01-05,9,The Night Agent: Season 1,17,1600000,8:11,13100000
2024-12-30,2025-01-05,10,Departure: Season 2,2,1600000,4:16,6700000
2025-01-06,2025-01-12,1,Missing You: Limited Series,4,15200000,3:46,57200000
2025-01-06,2025-01-12,2,American Primeval: Limited Series,4,10400000,5:02,52400000
2025-01-06,2025-01-12,3,"Jerry Springer: Fights, Camera, Action: Limited Series",2,7700000,1:38,12600000
2025-01-06,2025-01-12,4,"Raw: 2025 - January 6, 2025",1,5900000,2:25,17700000
2025-01-06,2025-01-12,5,Departure: Season 1,2,3600000,4:16,15500000
2025-01-06,2025-01-12,6,Virgin River: Season 6,4,3100000,8:19,25800000
2025-01-06,2025-01-12,7,Gabriel Iglesias: Legend of Fluffy,1,2900000,1:42,4900000
2025-01-06,2025-01-12,8,Black Doves: Season 1,6,2800000,5:30,15200000
2025-01-06,2025-01-12,9,Departure: Season 2,2,2400000,4:16,10200000
2025-01-06,2025-01-12,10,The Night Agent: Season 1,17,2300000,8:11,18700000
2025-01-13,2025-01-19,1,American Primeval: Limited Series,4,14300000,5:02,72100000
2025-01-13,2025-01-19,2,"XO, Kitty: Season 2",3,14200000,4:04,57700000
2025-01-13,2025-01-19,3,Missing You: Limited Series,4,5600000,3:46,21000000
2025-01-13,2025-01-19,4,"Raw: 2025 - January 13, 2025",1,3700000,2:01,8200000
2025-01-13,2025-01-19,5,"Jerry Springer: Fights, Camera, Action: Limited Series",2,3500000,1:38,5700000
2025-01-13,2025-01-19,6,"XO, Kitty: Season 1",6,3100000,5:05,15700000
2025-01-13,2025-01-19,7,The Night Agent: Season 1,17,2400000,8:11,19400000
2025-01-13,2025-01-19,8,The Walking Dead: The Ones Who Live: Season 1,1,2300000,5:02,11700000
2025-01-13,2025-01-19,9,I AM A KILLER: Season 6,1,2300000,4:23,10000000
2025-01-13,2025-01-19,10,Castlevania: Nocturne: Season 2,2,2300000,3:57,9000000
2025-01-20,2025-01-26,1,The Night Agent: Season 2,6,13900000,8:36,119900000
2025-01-20,2025-01-26,2,"XO, Kitty: Season 2",3,9200000,4:04,37400000
2025-01-20,2025-01-26,3,American Primeval: Limited Series,4,6700000,5:02,33500000
2025-01-20,2025-01-26,4,The Night Agent: Season 1,17,4900000,8:11,39800000
2025-01-20,2025-01-26,5,"XO, Kitty: Season 1",6,3800000,5:05,19500000
2025-01-20,2025-01-26,6,Missing You: Limited Series,4,3200000,3:46,12200000
2025-01-20,2025-01-26,7,"Raw: 2025 - January 20, 2025",1,3000000,2:00,6600000
2025-01-20,2025-01-26,8,W.A.G.s to Riches: Season 1,1,2300000,4:33,10400000
2025-01-20,2025-01-26,9,Castlevania: Nocturne: Season 2,2,1900000,3:57,7400000
2025-01-20,2025-01-26,10,The Recruit: Season 1,8,1700000,7:20,12600000
2025-01-27,2025-02-02,1,The Night Agent: Season 2,6,15200000,8:36,131100000
2025-01-27,2025-02-02,2,The Recruit: Season 2,3,5900000,5:24,31800000
2025-01-27,2025-02-02,3,American Manhunt: O.J. Simpson: Season 1,2,5500000,5:01,27400000
2025-01-27,2025-02-02,4,The Night Agent: Season 1,17,5000000,8:11,41100000
2025-01-27,2025-02-02,5,Ms. Rachel: Season 1,25,4000000,3:02,12100000
2025-01-27,2025-02-02,6,American Primeval: Limited Series,4,3700000,5:02,18800000
2025-01-27,2025-02-02,7,"XO, Kitty: Season 2",3,3700000,4:04,15100000
2025-01-27,2025-02-02,8,The Recruit: Season 1,8,3100000,7:20,22700000
2025-01-27,2025-02-02,9,"Raw: 2025 - January 27, 2025",1,2900000,2:36,6600000
2025-01-27,2025-02-02,10,Royal Rumble: 2025 - Royal Rumble 2025,1,2100000,4:29,9600000
2025-02-03,2025-02-09,1,The Night Agent: Season 2,6,7500000,8:36,64400000
2025-02-03,2025-02-09,2,The Recruit: Season 2,3,6100000,5:24,33000000
2025-02-03,2025-02-09,3,American Manhunt: O.J. Simpson: Season 1,2,4500000,5:01,22500000
2025-02-03,2025-02-09,4,Sweet Magnolias: Season 4,2,4000000,8:24,33700000
2025-02-03,2025-02-09,5,Apple Cider Vinegar: Limited Series,3,3800000,6:14,23800000
2025-02-03,2025-02-09,6,The Recruit: Season 1,8,3300000,7:20,24000000
2025-02-03,2025-02-09,7,"Raw: 2025 - February 3, 2025",1,3100000,1:55,6100000
2025-02-03,2025-02-09,8,Ms. Rachel: Season 1,25,3000000,3:02,9200000
2025-02-03,2025-02-09,9,The Night Agent: Season 1,17,2600000,8:11,21500000
2025-02-03,2025-02-09,10,Ghosts: Season 1,2,2200000,6:29,14200000
2025-02-10,2025-02-16,1,Surviving Black Hawk Down: Limited Series,1,7900000,2:37,20800000
2025-02-10,2025-02-16,2,Cobra Kai: Season 6,9,5900000,10:07,59200000
2025-02-10,2025-02-16,3,Apple Cider Vinegar: Limited Series,3,5600000,6:14,34600000
2025-02-10,2025-02-16,4,Sweet Magnolias: Season 4,2,4500000,8:24,37600000
2025-02-10,2025-02-16,5,The Night Agent: Season 2,6,4300000,8:36,37300000
2025-02-10,2025-02-16,6,Love Is Blind: S8: Minneapolis,3,4000000,6:54,27600000
2025-02-10,2025-02-16,7,The Recruit: Season 2,3,3300000,5:24,17700000
2025-02-10,2025-02-16,8,"Raw: 2025 - February 10, 2025",1,2800000,1:51,5500000
2025-02-10,2025-02-16,9,Ms. Rachel: Season 1,25,2600000,3:02,8000000
2025-02-10,2025-02-16,10,Ghosts: Season 1,2,2100000,6:29,13400000
2025-02-17,2025-02-23,1,American Murder: Gabby Petito: Season 1,4,31300000,2:09,67300000
2025-02-17,2025-02-23,2,Zero Day: Limited Series,6,19100000,5:09,98500000
2025-02-17,2025-02-23,3,The Search For Instagram's Worst Con Artist: Season 1,2,5500000,1:29,8100000
2025-02-17,2025-02-23,4,Love Is Blind: S8: Minneapolis,3,5000000,10:05,50700000
2025-02-17,2025-02-23,5,Cobra Kai: Season 6,9,3600000,10:07,36100000
2025-02-17,2025-02-23,6,Gabby's Dollhouse: Season 11,1,3300000,2:26,8000000
2025-02-17,2025-02-23,7,The Night Agent: Season 2,6,2900000,8:36,24800000
2025-02-17,2025-02-23,8,Court of Gold: Season 1,1,2800000,4:24,12400000
2025-02-17,2025-02-23,9,Apple Cider Vinegar: Limited Series,3,2800000,6:14,17200000
2025-02-17,2025-02-23,10,"Raw: 2025 - February 17, 2025",1,2800000,1:51,5500000
2025-02-24,2025-03-02,1,Zero Day: Limited Series,6,17900000,5:09,92100000
2025-02-24,2025-03-02,2,American Murder: Gabby Petito: Season 1,4,11300000,2:09,24200000
2025-02-24,2025-03-02,3,Running Point: Season 1,6,9300000,5:04,47200000
2025-02-24,2025-03-02,4,Toxic Town: Limited Series,3,4800000,3:40,17500000
2025-02-24,2025-03-02,5,The Search For Instagram's Worst Con Artist: Season 1,2,3800000,1:29,5600000
2025-02-24,2025-03-02,6,Love Is Blind: S8: Minneapolis,3,3200000,13:25,43200000
2025-02-24,2025-03-02,7,The 31st Annual Screen Actors Guild Awards,1,2600000,2:06,5500000
2025-02-24,2025-03-02,8,"Raw: 2025 - February 24, 2025",1,2600000,1:57,5500000
2025-02-24,2025-03-02,9,Ms. Rachel: Season 1,25,2500000,3:02,7500000
2025-02-24,2025-03-02,10,American Murder: Laci Peterson: Season 1,5,2100000,2:40,5500000
2025-03-03,2025-03-09,1,Running Point: Season 1,6,12200000,5:04,61800000
2025-03-03,2025-03-09,2,Zero Day: Limited Series,6,7500000,5:09,38600000
2025-03-03,2025-03-09,3,Toxic Town: Limited Series,3,4700000,3:40,17400000
2025-03-03,2025-03-09,4,Halo: Season 1,1,4200000,7:37,32100000
2025-03-03,2025-03-09,5,American Murder: Gabby Petito: Season 1,4,4200000,2:09,9000000
2025-03-03,2025-03-09,6,Beauty in Black: Season 1,7,3800000,12:36,47800000
2025-03-03,2025-03-09,7,"Raw: 2025 - March 3, 2025",1,3100000,1:55,6300000
2025-03-03,2025-03-09,8,Andrew Schulz: LIFE,1,2900000,0:59,2900000
2025-03-03,2025-03-09,9,Formula 1: Drive to Survive: Season 7,2,2600000,7:15,19200000
2025-03-03,2025-03-09,10,"With Love, Meghan: Season 1",1,2600000,4:47,12600000
2025-03-10,2025-03-16,1,Adolescence: Limited Series,10,24300000,3:50,93000000
2025-03-10,2025-03-16,2,Running Point: Season 1,6,6000000,5:04,30300000
2025-03-10,2025-03-16,3,Zero Day: Limited Series,6,4400000,5:09,22700000
2025-03-10,2025-03-16,4,Beauty in Black: Season 1,7,3900000,12:36,49200000
2025-03-10,2025-03-16,5,Formula 1: Drive to Survive: Season 7,2,3200000,7:15,22900000
2025-03-10,2025-03-16,6,"Raw: 2025 - March 10, 2025",1,3000000,1:49,6000000
2025-03-10,2025-03-16,7,1883: Season 1,2,2900000,9:22,26800000
2025-03-10,2025-03-16,8,Ms. Rachel: Season 1,25,2400000,3:02,7300000
2025-03-10,2025-03-16,9,American Murder: Gabby Petito: Season 1,4,2200000,2:09,4800000
2025-03-10,2025-03-16,10,Toxic Town: Limited Series,3,1800000,3:40,6700000
2025-03-17,2025-03-23,1,Adolescence: Limited Series,10,42000000,3:50,161000000
2025-03-17,2025-03-23,2,The Residence: Season 1,4,6400000,7:44,49500000
2025-03-17,2025-03-23,3,Running Point: Season 1,6,3500000,5:04,17800000
2025-03-17,2025-03-23,4,"Raw: 2025 - March 17, 2025",1,3100000,1:49,5800000
2025-03-17,2025-03-23,5,Zero Day: Limited Series,6,3000000,5:09,15200000
2025-03-17,2025-03-23,6,Wolf King: Season 1,2,2900000,3:32,10100000
2025-03-17,2025-03-23,7,Temptation Island: Season 1,1,2700000,9:24,25000000
2025-03-17,2025-03-23,8,1883: Season 1,2,2600000,9:22,24500000
2025-03-17,2025-03-23,9,Bert Kreischer: Lucky,1,2600000,1:08,2900000
2025-03-17,2025-03-23,10,Ms. Rachel: Season 1,25,2300000,3:02,7100000
2025-03-24,2025-03-30,1,Adolescence: Limited Series,10,30400000,3:50,116700000
2025-03-24,2025-03-30,2,The Residence: Season 1,4,8800000,7:44,68100000
2025-03-24,2025-03-30,3,Million Dollar Secret: Season 1,2,3700000,2:34,9500000
2025-03-24,2025-03-30,4,"Raw: 2025 - March 24, 2025",1,3000000,1:44,5600000
2025-03-24,2025-03-30,5,Wolf King: Season 1,2,2600000,3:32,9300000
2025-03-24,2025-03-30,6,Running Point: Season 1,6,2300000,5:04,11800000
2025-03-24,2025-03-30,7,Ms. Rachel: Season 1,25,2300000,3:02,7000000
2025-03-24,2025-03-30,8,Gold & Greed: The Hunt for Fenn's Treasure: Season 1,1,2100000,2:41,5700000
2025-03-24,2025-03-30,9,Zero Day: Limited Series,6,1700000,5:09,9000000
2025-03-24,2025-03-30,10,Chelsea Handler: The Feeling,1,1600000,0:59,1600000
2025-03-31,2025-04-06,1,Adolescence: Limited Series,10,17800000,3:50,68400000
2025-03-31,2025-04-06,2,Gone Girls: The Long Island Serial Killer: Season 1,2,13000000,2:39,34500000
2025-03-31,2025-04-06,3,PULSE: Season 1,4,6500000,7:58,52000000
2025-03-31,2025-04-06,4,Devil May Cry: Season 1,2,5300000,3:56,21000000
2025-03-31,2025-04-06,5,The Residence: Season 1,4,4600000,7:44,35700000
2025-03-31,2025-04-06,6,Love on the Spectrum: Season 3,2,3500000,5:35,19400000
2025-03-31,2025-04-06,7,Million Dollar Secret: Season 1,2,3000000,5:10,15400000
2025-03-31,2025-04-06,8,"Raw: 2025 - March 31, 2025",1,2900000,1:51,5900000
2025-03-31,2025-04-06,9,Jurassic World: Chaos Theory: Season 3,1,2500000,3:53,9600000
2025-03-31,2025-04-06,10,Ms. Rachel: Season 1,25,2300000,3:02,7000000
2025-04-07,2025-04-13,1,Bad Influence: The Dark Side of Kidfluencing: Season 1,2,9800000,2:32,24800000
2025-04-07,2025-04-13,2,Adolescence: Limited Series,10,9700000,3:50,37000000
2025-04-07,2025-04-13,3,PULSE: Season 1,4,8500000,7:58,68100000
2025-04-07,2025-04-13,4,Black Mirror: Season 7,5,7100000,6:11,43700000
2025-04-07,2025-04-13,5,Devil May Cry: Season 1,2,5100000,3:56,20200000
2025-04-07,2025-04-13,6,Gone Girls: The Long Island Serial Killer: Season 1,2,3800000,2:39,10100000
2025-04-07,2025-04-13,7,Love on the Spectrum: Season 3,2,3600000,5:35,20000000
2025-04-07,2025-04-13,8,The Residence: Season 1,4,3100000,7:44,24100000
2025-04-07,2025-04-13,9,North of North: Season 1,2,3000000,3:21,10000000
2025-04-07,2025-04-13,10,"Raw: 2025 - April 7, 2025",1,2800000,1:50,5700000
2025-04-14,2025-04-20,1,Black Mirror: Season 7,5,10600000,6:11,65700000
2025-04-14,2025-04-20,2,Ransom Canyon: Season 1,4,7200000,7:54,56600000
2025-04-14,2025-04-20,3,Adolescence: Limited Series,10,6000000,3:50,22900000
2025-04-14,2025-04-20,4,Bad Influence: The Dark Side of Kidfluencing: Season 1,2,4200000,2:32,10600000
2025-04-14,2025-04-20,5,A Discovery of Witches: Season 1,2,3400000,5:45,19700000
2025-04-14,2025-04-20,6,Special Ops: Lioness: Season 1,2,3400000,5:57,20000000
2025-04-14,2025-04-20,7,PULSE: Season 1,4,3200000,7:58,25800000
2025-04-14,2025-04-20,8,The Diamond Heist: Limited Series,1,3100000,2:15,7000000
2025-04-14,2025-04-20,9,"Raw: 2025 - April 14, 2025",1,2900000,1:44,5600000
2025-04-14,2025-04-20,10,North of North: Season 1,2,2700000,3:21,9100000
2025-04-21,2025-04-27,1,You: Season 5,4,10100000,8:27,85200000
2025-04-21,2025-04-27,2,Ransom Canyon: Season 1,4,9400000,7:54,73900000
2025-04-21,2025-04-27,3,Black Mirror: Season 7,5,4500000,6:11,27700000
2025-04-21,2025-04-27,4,Adolescence: Limited Series,10,3800000,3:50,14500000
2025-04-21,2025-04-27,5,"Raw: 2025 - April 21, 2025",1,3600000,2:18,8700000
2025-04-21,2025-04-27,6,Special Ops: Lioness: Season 1,2,3500000,5:57,21100000
2025-04-21,2025-04-27,7,A Discovery of Witches: Season 1,2,2700000,5:45,15400000
2025-04-21,2025-04-27,8,Ms. Rachel: Season 1,25,2300000,3:02,6900000
2025-04-21,2025-04-27,9,PULSE: Season 1,4,2000000,7:58,16200000
2025-04-21,2025-04-27,10,You: Season 1,10,1800000,7:31,13600000
2025-04-28,2025-05-04,1,The Four Seasons: Season 1,5,11900000,4:18,51100000
2025-04-28,2025-05-04,2,You: Season 5,4,10900000,8:27,92400000
2025-04-28,2025-05-04,3,Ransom Canyon: Season 1,4,4200000,7:54,33100000
2025-04-28,2025-05-04,4,"Raw: 2025 - April 28, 2025",1,3000000,1:51,5800000
2025-04-28,2025-05-04,5,You: Season 1,10,2800000,7:31,21300000
2025-04-28,2025-05-04,6,Black Mirror: Season 7,5,2500000,6:11,15200000
2025-04-28,2025-05-04,7,Adolescence: Limited Series,10,2300000,3:50,9000000
2025-04-28,2025-05-04,8,Battle Camp: Season 1,1,2300000,8:51,20300000
2025-04-28,2025-05-04,9,Ms. Rachel: Season 1,25,2200000,3:02,6800000
2025-04-28,2025-05-04,10,Turning Point: The Vietnam War: Season 1,1,2100000,6:24,13700000
2025-05-05,2025-05-11,1,The Four Seasons: Season 1,5,12500000,4:18,53900000
2025-05-05,2025-05-11,2,You: Season 5,4,5400000,8:27,45300000
2025-05-05,2025-05-11,3,FOREVER: Season 1,4,3700000,6:30,24200000
2025-05-05,2025-05-11,4,"Raw: 2025 - May 5, 2025",1,2800000,1:56,5700000
2025-05-05,2025-05-11,5,Ransom Canyon: Season 1,4,2500000,7:54,20000000
2025-05-05,2025-05-11,6,Ms. Rachel: Season 1,25,2200000,3:02,6700000
2025-05-05,2025-05-11,7,Unseen: Season 2,1,2000000,4:26,9000000
2025-05-05,2025-05-11,8,Unseen: Season 1,3,2000000,4:28,9000000
2025-05-05,2025-05-11,9,You: Season 1,10,1600000,7:31,11800000
2025-05-05,2025-05-11,10,Black Mirror: Season 7,5,1600000,6:11,9600000
2025-05-12,2025-05-18,1,American Manhunt: Osama bin Laden: Season 1,4,12600000,3:04,38700000
2025-05-12,2025-05-18,2,Fred and Rose West: A British Horror Story: Limited Series,3,8300000,2:37,21700000
2025-05-12,2025-05-18,3,FOREVER: Season 1,4,6700000,6:30,43700000
2025-05-12,2025-05-18,4,The Four Seasons: Season 1,5,5300000,4:18,23000000
2025-05-12,2025-05-18,5,Bad Thoughts: Season 1,1,3800000,1:58,7500000
2025-05-12,2025-05-18,6,You: Season 5,4,3300000,8:27,28000000
2025-05-12,2025-05-18,7,"Love, Death & Robots: Volume 4",2,2900000,2:02,5900000
2025-05-12,2025-05-18,8,"Raw: 2025 - May 12, 2025",1,2700000,1:49,5100000
2025-05-12,2025-05-18,9,Bet: Season 1,3,2400000,5:49,13700000
2025-05-12,2025-05-18,10,Ms. Rachel: Season 1,25,2200000,3:02,6700000
2025-05-19,2025-05-25,1,Sirens: Limited Series,8,16700000,4:44,79200000
2025-05-19,2025-05-25,2,American Manhunt: Osama bin Laden: Season 1,4,10700000,3:04,32800000
2025-05-19,2025-05-25,3,Fred and Rose West: A British Horror Story: Limited Series,3,6000000,2:37,15800000
2025-05-19,2025-05-25,4,Bet: Season 1,3,5000000,5:49,28800000
2025-05-19,2025-05-25,5,"Love, Death & Robots: Volume 4",2,3400000,2:02,7000000
2025-05-19,2025-05-25,6,The Four Seasons: Season 1,5,3200000,4:18,13900000
2025-05-19,2025-05-25,7,FOREVER: Season 1,4,3200000,6:30,20600000
2025-05-19,2025-05-25,8,Miss Governor: Season 1,2,2700000,3:18,9000000
2025-05-19,2025-05-25,9,"Raw: 2025 - May 19, 2025",1,2700000,1:40,5000000
2025-05-19,2025-05-25,10,Ms. Rachel: Season 1,25,2200000,3:02,6700000
2025-05-26,2025-06-01,1,Sirens: Limited Series,8,18200000,4:44,86300000
2025-05-26,2025-06-01,2,Cold Case: The Tylenol Murders: Season 1,2,11900000,1:58,23500000
2025-05-26,2025-06-01,3,Dept. Q: Season 1,6,6000000,8:16,49300000
2025-05-26,2025-06-01,4,American Manhunt: Osama bin Laden: Season 1,4,5400000,3:04,16500000
2025-05-26,2025-06-01,5,Bet: Season 1,3,2900000,5:49,16600000
2025-05-26,2025-06-01,6,"Raw: 2025 - May 26, 2025",1,2600000,1:43,4800000
2025-05-26,2025-06-01,7,The Four Seasons: Season 1,5,2400000,4:18,10400000
2025-05-26,2025-06-01,8,Fred and Rose West: A British Horror Story: Limited Series,3,2300000,2:37,6100000
2025-05-26,2025-06-01,9,Miss Governor: Season 1,2,2300000,3:18,7600000
2025-05-26,2025-06-01,10,FOREVER: Season 1,4,2300000,6:30,14700000
2025-06-02,2025-06-08,1,Ginny & Georgia: Season 3,6,17600000,10:34,186500000
2025-06-02,2025-06-08,2,Dept. Q: Season 1,6,8900000,8:16,73400000
2025-06-02,2025-06-08,3,Sirens: Limited Series,8,7900000,4:44,37400000
2025-06-02,2025-06-08,4,The Survivors: Limited Series,4,5300000,4:58,26400000
2025-06-02,2025-06-08,5,American Manhunt: Osama bin Laden: Season 1,4,3400000,3:04,10300000
2025-06-02,2025-06-08,6,Ginny & Georgia: Season 1,10,3000000,9:08,27000000
2025-06-02,2025-06-08,7,Cold Case: The Tylenol Murders: Season 1,2,2900000,1:58,5700000
2025-06-02,2025-06-08,8,"Raw: 2025 - June 2, 2025",1,2700000,1:50,5000000
2025-06-02,2025-06-08,9,Ginny & Georgia: Season 2,11,2500000,9:47,24100000
2025-06-02,2025-06-08,10,Ms. Rachel: Season 1,25,2100000,3:02,6500000
2025-06-09,2025-06-15,1,Ginny & Georgia: Season 3,6,16900000,10:34,178200000
2025-06-09,2025-06-15,2,The Survivors: Limited Series,4,9000000,4:58,44600000
2025-06-09,2025-06-15,3,Sirens: Limited Series,8,4300000,4:44,20200000
2025-06-09,2025-06-15,4,Dept. Q: Season 1,6,4300000,8:16,35200000
2025-06-09,2025-06-15,5,Ginny & Georgia: Season 1,10,4200000,9:08,38600000
2025-06-09,2025-06-15,6,Ginny & Georgia: Season 2,11,3300000,9:47,32100000
2025-06-09,2025-06-15,7,"Raw: 2025 - June 9, 2025",1,2900000,2:02,6100000
2025-06-09,2025-06-15,8,Tires: Season 2,1,2800000,4:54,13700000
2025-06-09,2025-06-15,9,The Creature Cases: Chapter 5,1,2500000,2:37,6600000
2025-06-09,2025-06-15,10,FUBAR: Season 2,3,2200000,6:27,14400000
2025-06-16,2025-06-22,1,The Waterfront: Season 1,5,8300000,6:25,53300000
2025-06-16,2025-06-22,2,Ginny & Georgia: Season 3,6,8100000,10:34,85900000
2025-06-16,2025-06-22,3,The Survivors: Limited Series,4,3400000,4:58,17100000
2025-06-16,2025-06-22,4,Dept. Q: Season 1,6,3400000,8:16,28100000
2025-06-16,2025-06-22,5,AMERICA'S SWEETHEARTS: Dallas Cowboys Cheerleaders: Season 2,2,3300000,6:56,23100000
2025-06-16,2025-06-22,6,Sirens: Limited Series,8,3300000,4:44,15700000
2025-06-16,2025-06-22,7,FUBAR: Season 2,3,3300000,6:27,21300000
2025-06-16,2025-06-22,8,Ginny & Georgia: Season 1,10,2700000,9:08,25000000
2025-06-16,2025-06-22,9,"Raw: 2025 - June 16, 2025",1,2700000,1:43,5000000
2025-06-16,2025-06-22,10,Ginny & Georgia: Season 2,11,2700000,9:47,26200000
2025-06-23,2025-06-29,1,The Waterfront: Season 1,5,11600000,6:25,74300000
2025-06-23,2025-06-29,2,Ginny & Georgia: Season 3,6,4800000,10:34,51200000
2025-06-23,2025-06-29,3,AMERICA'S SWEETHEARTS: Dallas Cowboys Cheerleaders: Season 2,2,2800000,6:56,19400000
2025-06-23,2025-06-29,4,"Raw: 2025 - June 23, 2025",1,2600000,1:52,5200000
2025-06-23,2025-06-29,5,Dept. Q: Season 1,6,2600000,8:16,21500000
2025-06-23,2025-06-29,6,Sirens: Limited Series,8,2500000,4:44,11900000
2025-06-23,2025-06-29,7,Ms. Rachel: Season 1,25,2100000,3:02,6400000
2025-06-23,2025-06-29,8,Ginny & Georgia: Season 2,11,1900000,9:47,18100000
2025-06-23,2025-06-29,9,FUBAR: Season 2,3,1800000,6:27,11800000
2025-06-23,2025-06-29,10,Ginny & Georgia: Season 1,10,1800000,9:08,16000000
2025-06-30,2025-07-06,1,The Waterfront: Season 1,5,5600000,6:25,36000000
2025-06-30,2025-07-06,2,The Sandman: Season 2,5,5300000,5:20,28200000
2025-06-30,2025-07-06,3,Attack on London: Hunting The 7/7 Bombers: Limited Series,1,4700000,3:02,14300000
2025-06-30,2025-07-06,4,Ginny & Georgia: Season 3,6,3300000,10:34,34400000
2025-06-30,2025-07-06,5,"Raw: 2025 - June 30, 2025",1,2500000,1:48,4600000
2025-06-30,2025-07-06,6,Ms. Rachel: Season 1,25,2000000,3:02,6200000
2025-06-30,2025-07-06,7,Sirens: Limited Series,8,1800000,4:44,8500000
2025-06-30,2025-07-06,8,Dept. Q: Season 1,6,1800000,8:16,14600000
2025-06-30,2025-07-06,9,The Sandman: Season 1,9,1700000,9:09,15900000
2025-06-30,2025-07-06,10,The Survivors: Limited Series,4,1500000,4:58,7300000
2025-07-07,2025-07-13,1,The Sandman: Season 2,5,5900000,5:20,31500000
2025-07-07,2025-07-13,2,The Waterfront: Season 1,5,3600000,6:25,22900000
2025-07-07,2025-07-13,3,Sullivan's Crossing: Season 1,3,3000000,7:21,22100000
2025-07-07,2025-07-13,4,7 Bears: Limited Series,3,2900000,4:36,13300000
2025-07-07,2025-07-13,5,Katie Taylor vs. Amanda Serrano 3,1,2800000,varies,9400000
2025-07-07,2025-07-13,6,"Raw: 2025 - July 7, 2025",1,2600000,1:51,5100000
2025-07-07,2025-07-13,7,The Sandman: Season 1,9,2400000,9:09,22400000
2025-07-07,2025-07-13,8,Ginny & Georgia: Season 3,6,2300000,10:34,24700000
2025-07-07,2025-07-13,9,1923: Season 1,1,2200000,7:47,17300000
2025-07-07,2025-07-13,10,Ms. Rachel: Season 1,25,2000000,3:02,6200000
2025-07-14,2025-07-20,1,UNTAMED: Season 1,7,24600000,4:52,119500000
2025-07-14,2025-07-20,2,Amy Bradley Is Missing: Season 1,4,12200000,2:13,27100000
2025-07-14,2025-07-20,3,The Sandman: Season 2,5,3300000,5:20,17800000
2025-07-14,2025-07-20,4,7 Bears: Limited Series,3,3300000,4:36,15300000
2025-07-14,2025-07-20,5,"Raw: 2025 - July 14, 2025",1,2700000,1:55,5400000
2025-07-14,2025-07-20,6,Sullivan's Crossing: Season 1,3,2200000,7:21,16300000
2025-07-14,2025-07-20,7,The Waterfront: Season 1,5,2100000,6:25,13600000
2025-07-14,2025-07-20,8,Ms. Rachel: Season 1,25,2100000,3:02,6300000
2025-07-14,2025-07-20,9,Sullivan's Crossing: Season 2,1,1900000,7:20,14000000
2025-07-14,2025-07-20,10,Too Much: Season 1,1,1900000,6:45,12500000
2025-07-21,2025-07-27,1,UNTAMED: Season 1,7,26100000,4:52,127100000
2025-07-21,2025-07-27,2,Amy Bradley Is Missing: Season 1,4,10200000,2:13,22500000
2025-07-21,2025-07-27,3,The Hunting Wives: Season 1,5,5200000,6:41,34600000
2025-07-21,2025-07-27,4,The Sandman: Season 2,5,3300000,9:49,32600000
2025-07-21,2025-07-27,5,"Raw: 2025 - July 21, 2025",1,2700000,2:01,5700000
2025-07-21,2025-07-27,6,Ms. Rachel: Season 1,25,2000000,3:02,6200000
2025-07-21,2025-07-27,7,Critical: Between Life and Death: Season 1,1,2000000,4:41,9300000
2025-07-21,2025-07-27,8,Sirens: Limited Series,8,1800000,4:44,8500000
2025-07-21,2025-07-27,9,Building The Band: Season 1,1,1600000,9:16,14700000
2025-07-21,2025-07-27,10,7 Bears: Limited Series,3,1600000,4:36,7200000
2025-07-28,2025-08-03,1,UNTAMED: Season 1,7,12200000,4:52,59600000
2025-07-28,2025-08-03,2,The Hunting Wives: Season 1,5,5800000,6:41,38500000
2025-07-28,2025-08-03,3,Amy Bradley Is Missing: Season 1,4,4200000,2:13,9300000
2025-07-28,2025-08-03,4,Conversations with a Killer: The Son of Sam Tapes: Season 1,2,3400000,2:54,9900000
2025-07-28,2025-08-03,5,The Sandman: Season 2,5,2800000,10:47,29800000
2025-07-28,2025-08-03,6,Wednesday: Season 1,28,2700000,6:49,18300000
2025-07-28,2025-08-03,7,Leanne: Season 1,2,2700000,5:35,14900000
2025-07-28,2025-08-03,8,"Raw: 2025 - July 28, 2025",1,2700000,1:59,5500000
2025-07-28,2025-08-03,9,WWE: Unreal: Season 1,1,2300000,4:41,10700000
2025-07-28,2025-08-03,10,Ms. Rachel: Season 1,25,2100000,3:02,6300000
2025-08-04,2025-08-10,1,Wednesday: Season 2,11,50000000,4:02,201600000
2025-08-04,2025-08-10,2,Wednesday: Season 1,28,8600000,6:49,58500000
2025-08-04,2025-08-10,3,UNTAMED: Season 1,7,7200000,4:52,34900000
2025-08-04,2025-08-10,4,The Hunting Wives: Season 1,5,4700000,6:41,31300000
2025-08-04,2025-08-10,5,"Raw: 2025 - August 4, 2025",1,3000000,1:59,6100000
2025-08-04,2025-08-10,6,Leanne: Season 1,2,2800000,5:35,15800000
2025-08-04,2025-08-10,7,Perfect Match: Season 3,1,2800000,8:06,22800000
2025-08-04,2025-08-10,8,Amy Bradley Is Missing: Season 1,4,2400000,2:13,5400000
2025-08-04,2025-08-10,9,Ms. Rachel: Season 1,25,2000000,3:02,6200000
2025-08-04,2025-08-10,10,Conversations with a Killer: The Son of Sam Tapes: Season 1,2,1700000,2:54,5000000
2025-08-11,2025-08-17,1,Wednesday: Season 2,11,29100000,4:02,117300000
2025-08-11,2025-08-17,2,Fit for TV: The Reality of the Biggest Loser: Season 1,3,7500000,2:06,15700000
2025-08-11,2025-08-17,3,Wednesday: Season 1,28,7400000,6:49,50600000
2025-08-11,2025-08-17,4,UNTAMED: Season 1,7,4900000,4:52,24000000
2025-08-11,2025-08-17,5,The Hunting Wives: Season 1,5,3000000,6:41,20200000
2025-08-11,2025-08-17,6,Sullivan's Crossing: Season 3,1,2800000,7:20,20600000
2025-08-11,2025-08-17,7,"Raw: 2025 - August 11, 2025",1,2800000,1:51,5300000
2025-08-11,2025-08-17,8,Love Is Blind: UK: Season 2,2,2600000,4:13,10900000
2025-08-11,2025-08-17,9,Jim Jefferies: Two Limb Policy,1,2100000,1:03,2200000
2025-08-11,2025-08-17,10,Ms. Rachel: Season 1,25,2000000,3:02,6200000
2025-08-18,2025-08-24,1,Wednesday: Season 2,11,13400000,4:02,54000000
2025-08-18,2025-08-24,2,Hostage: Limited Series,4,10800000,3:35,38600000
2025-08-18,2025-08-24,3,Fit for TV: The Reality of the Biggest Loser: Season 1,3,8500000,2:06,17900000
2025-08-18,2025-08-24,4,Wednesday: Season 1,28,4000000,6:49,27100000
2025-08-18,2025-08-24,5,UNTAMED: Season 1,7,3200000,4:52,15600000
2025-08-18,2025-08-24,6,Love Is Blind: UK: Season 2,2,3000000,7:38,22800000
2025-08-18,2025-08-24,7,"Raw: 2025 - August 18, 2025",1,2800000,1:49,5400000
2025-08-18,2025-08-24,8,Ms. Rachel: Season 1,25,2100000,3:02,6500000
2025-08-18,2025-08-24,9,America's Team: The Gambler and His Cowboys: Season 1,1,1900000,7:48,15200000
2025-08-18,2025-08-24,10,The Hunting Wives: Season 1,5,1900000,6:41,12800000
2025-08-25,2025-08-31,1,My Life With the Walter Boys: Season 2,5,11800000,7:27,88000000
2025-08-25,2025-08-31,2,Hostage: Limited Series,4,11600000,3:35,41500000
2025-08-25,2025-08-31,3,Wednesday: Season 2,11,8400000,4:02,33800000
2025-08-25,2025-08-31,4,Katrina: Come Hell and High Water: Season 1,2,7300000,3:33,26000000
2025-08-25,2025-08-31,5,Wednesday: Season 1,28,2900000,6:49,19900000
2025-08-25,2025-08-31,6,"Raw: 2025 - August 25, 2025",1,2600000,1:56,5000000
2025-08-25,2025-08-31,7,My Life With the Walter Boys: Season 1,10,2500000,7:37,19400000
2025-08-25,2025-08-31,8,Fit for TV: The Reality of the Biggest Loser: Season 1,3,2500000,2:06,5300000
2025-08-25,2025-08-31,9,Ms. Rachel: Season 1,25,2200000,3:02,6600000
2025-08-25,2025-08-31,10,UNTAMED: Season 1,7,2100000,4:52,10400000
2025-09-01,2025-09-07,1,Wednesday: Season 2,11,28200000,7:47,219200000
2025-09-01,2025-09-07,2,My Life With the Walter Boys: Season 2,5,10900000,7:27,81400000
2025-09-01,2025-09-07,3,Hostage: Limited Series,4,5500000,3:35,19700000
2025-09-01,2025-09-07,4,Katrina: Come Hell and High Water: Season 1,2,3800000,3:33,13600000
2025-09-01,2025-09-07,5,My Life With the Walter Boys: Season 1,10,3500000,7:37,26900000
2025-09-01,2025-09-07,6,Wednesday: Season 1,28,3400000,6:49,23500000
2025-09-01,2025-09-07,7,Love Con Revenge: Season 1,2,3000000,4:11,12400000
2025-09-01,2025-09-07,8,"Raw: 2025 - September 1, 2025",1,2400000,2:06,5200000
2025-09-01,2025-09-07,9,The Great British Baking Show: Collection 13,1,1900000,1:08,2200000
2025-09-01,2025-09-07,10,Ms. Rachel: Season 2,1,1800000,3:02,5500000
2025-09-08,2025-09-14,1,Canelo Álvarez vs. Terence Crawford,1,17700000,varies,69600000
2025-09-08,2025-09-14,2,Wednesday: Season 2,11,15000000,7:47,116400000
2025-09-08,2025-09-14,3,Beauty in Black: Season 2,6,8700000,6:56,60000000
2025-09-08,2025-09-14,4,My Life With the Walter Boys: Season 2,5,5200000,7:27,38700000
2025-09-08,2025-09-14,5,Love Con Revenge: Season 1,2,4100000,4:11,17200000
2025-09-08,2025-09-14,6,Wednesday: Season 1,28,3600000,6:49,24400000
2025-09-08,2025-09-14,7,Hostage: Limited Series,4,3000000,3:35,10600000
2025-09-08,2025-09-14,8,"Raw: 2025 - September 8, 2025",1,2600000,1:48,5100000
2025-09-08,2025-09-14,9,Beauty and the Bester: Limited Series,2,2500000,2:15,5600000
2025-09-08,2025-09-14,10,"Dr. Seuss’s Red Fish, Blue Fish: Season 1",1,2000000,2:18,4500000
2025-09-15,2025-09-21,1,Wednesday: Season 2,11,7200000,7:47,56200000
2025-09-15,2025-09-21,2,Black Rabbit: Limited Series,3,6600000,7:36,50500000
2025-09-15,2025-09-21,3,Beauty in Black: Season 2,6,6600000,6:56,46000000
2025-09-15,2025-09-21,4,Beauty and the Bester: Limited Series,2,3800000,2:15,8600000
2025-09-15,2025-09-21,5,Adolescence: Limited Series,10,3600000,3:50,13700000
2025-09-15,2025-09-21,6,My Life With the Walter Boys: Season 2,5,3000000,7:27,22400000
2025-09-15,2025-09-21,7,"Raw: 2025 - September 15, 2025",1,2600000,1:58,5300000
2025-09-15,2025-09-21,8,Beauty in Black: Season 1,7,2300000,12:36,28800000
2025-09-15,2025-09-21,9,Wednesday: Season 1,28,2100000,6:49,14500000
2025-09-15,2025-09-21,10,Haunted Hotel: Season 1,2,1800000,4:14,7500000
2025-09-22,2025-09-28,1,Wayward: Limited Series,5,8200000,5:56,48800000
2025-09-22,2025-09-28,2,Black Rabbit: Limited Series,3,7000000,7:36,52900000
2025-09-22,2025-09-28,3,House of Guinness: Season 1,4,5200000,6:54,35700000
2025-09-22,2025-09-28,4,Wednesday: Season 2,11,4400000,7:47,34200000
2025-09-22,2025-09-28,5,Adolescence: Limited Series,10,3500000,3:50,13400000
2025-09-22,2025-09-28,6,Beauty in Black: Season 2,6,3100000,6:56,21200000
2025-09-22,2025-09-28,7,Haunted Hotel: Season 1,2,2800000,4:14,11900000
2025-09-22,2025-09-28,8,"Raw: 2025 - September 22, 2025",1,2300000,1:55,4500000
2025-09-22,2025-09-28,9,My Life With the Walter Boys: Season 2,5,2000000,7:27,14900000
2025-09-22,2025-09-28,10,Doc: Season 1,2,1900000,7:20,13600000
2025-09-29,2025-10-05,1,Wayward: Limited Series,5,14100000,5:56,83700000
2025-09-29,2025-10-05,2,Monster: The Ed Gein Story: Season 1,5,12200000,7:27,90600000
2025-09-29,2025-10-05,3,House of Guinness: Season 1,4,6400000,6:54,44400000
2025-09-29,2025-10-05,4,Love Is Blind: S9: Denver,3,3700000,6:37,24400000
2025-09-29,2025-10-05,5,Black Rabbit: Limited Series,3,3300000,7:36,24700000
2025-09-29,2025-10-05,6,Wednesday: Season 2,11,3000000,7:47,23400000
2025-09-29,2025-10-05,7,Dark Winds: Season 1,3,2800000,4:21,12200000
2025-09-29,2025-10-05,8,"Raw: 2025 - September 29, 2025",1,2300000,1:53,4500000
2025-09-29,2025-10-05,9,Doc: Season 1,2,1700000,7:20,12300000
2025-09-29,2025-10-05,10,Ms. Rachel: Season 1,25,1600000,3:02,4900000
2025-10-06,2025-10-12,1,Monster: The Ed Gein Story: Season 1,5,20700000,7:27,154200000
2025-10-06,2025-10-12,2,Is It Cake? Halloween: Season 1,2,5700000,2:37,14800000
2025-10-06,2025-10-12,3,Victoria Beckham: Limited Series,2,5600000,2:25,13500000
2025-10-06,2025-10-12,4,Wayward: Limited Series,5,5500000,5:56,32600000
2025-10-06,2025-10-12,5,True Haunting: Season 1,1,5200000,3:00,15700000
2025-10-06,2025-10-12,6,Boots: Season 1,4,4700000,5:51,27500000
2025-10-06,2025-10-12,7,Love Is Blind: S9: Denver,3,4100000,9:17,38200000
2025-10-06,2025-10-12,8,House of Guinness: Season 1,4,3400000,6:54,23800000
2025-10-06,2025-10-12,9,"Raw: 2025 - October 6, 2025",1,2400000,1:57,4800000
2025-10-06,2025-10-12,10,Wednesday: Season 2,11,2300000,7:47,17600000
2025-10-13,2025-10-19,1,Monster: The Ed Gein Story: Season 1,5,9500000,7:27,70500000
2025-10-13,2025-10-19,2,Boots: Season 1,4,9400000,5:51,55200000
2025-10-13,2025-10-19,3,The Diplomat: Season 3,3,4800000,6:29,31400000
2025-10-13,2025-10-19,4,Victoria Beckham: Limited Series,2,3800000,2:25,9300000
2025-10-13,2025-10-19,5,Wayward: Limited Series,5,3200000,5:56,18900000
2025-10-13,2025-10-19,6,Is It Cake? Halloween: Season 1,2,2900000,2:37,7600000
2025-10-13,2025-10-19,7,Love Is Blind: S9: Denver,3,2700000,11:20,30700000
2025-10-13,2025-10-19,8,"Raw: 2025 - October 13, 2025",1,2400000,1:52,4600000
2025-10-13,2025-10-19,9,House of Guinness: Season 1,4,2100000,6:54,14700000
2025-10-13,2025-10-19,10,Wednesday: Season 2,11,1900000,7:47,14400000
2025-10-20,2025-10-26,1,Nobody Wants This: Season 2,4,8600000,4:26,38100000
2025-10-20,2025-10-26,2,The Diplomat: Season 3,3,6300000,6:29,40800000
2025-10-20,2025-10-26,3,Boots: Season 1,4,5600000,5:51,32700000
2025-10-20,2025-10-26,4,Monster: The Ed Gein Story: Season 1,5,5100000,7:27,38300000
2025-10-20,2025-10-26,5,Mob War: Philadelphia vs. The Mafia: Season 1,2,4800000,2:19,11200000
2025-10-20,2025-10-26,6,"Raw: 2025 - October 20, 2025",1,2600000,1:53,5100000
2025-10-20,2025-10-26,7,Wayward: Limited Series,5,2200000,5:56,13000000
2025-10-20,2025-10-26,8,The Diplomat: Season 1,6,2000000,6:45,13800000
2025-10-20,2025-10-26,9,Nobody Wants This: Season 1,8,2000000,4:25,8900000
2025-10-20,2025-10-26,10,Baby Shark Hospital Play: Season 1,1,1900000,1:34,2900000
2025-10-27,2025-11-02,1,Nobody Wants This: Season 2,4,9400000,4:26,41800000
2025-10-27,2025-11-02,2,The Witcher: Season 4,3,7400000,7:11,53200000
2025-10-27,2025-11-02,3,Selling Sunset: Season 9,2,4200000,5:55,24600000
2025-10-27,2025-11-02,4,Boots: Season 1,4,3700000,5:51,21400000
2025-10-27,2025-11-02,5,The Diplomat: Season 3,3,3200000,6:29,20700000
2025-10-27,2025-11-02,6,Monster: The Ed Gein Story: Season 1,5,2800000,7:27,21200000
2025-10-27,2025-11-02,7,Nobody Wants This: Season 1,8,2400000,4:25,10700000
2025-10-27,2025-11-02,8,"Raw: 2025 - October 27, 2025",1,2300000,1:53,4600000
2025-10-27,2025-11-02,9,Mob War: Philadelphia vs. The Mafia: Season 1,2,1900000,2:19,4300000
2025-10-27,2025-11-02,10,Stranger Things: Season 1,22,1800000,6:49,12300000
2025-11-03,2025-11-09,1,The Witcher: Season 4,3,7400000,7:11,53400000
2025-11-03,2025-11-09,2,Nobody Wants This: Season 2,4,4800000,4:26,21100000
2025-11-03,2025-11-09,3,Bad Influencer: Season 1,1,4000000,5:37,22200000
2025-11-03,2025-11-09,4,Selling Sunset: Season 9,2,3600000,7:03,25600000
2025-11-03,2025-11-09,5,Death by Lightning: Limited Series,2,3200000,3:35,11600000
2025-11-03,2025-11-09,6,Squid Game: The Challenge: Season 2,2,3200000,3:34,11500000
2025-11-03,2025-11-09,7,Leanne Morgan: Unspeakable Things,1,3000000,1:05,3300000
2025-11-03,2025-11-09,8,Stranger Things: Season 1,22,2800000,6:49,19300000
2025-11-03,2025-11-09,9,"Raw: 2025 - November 3, 2025",1,2400000,2:06,5200000
2025-11-03,2025-11-09,10,The Bad Guys: The Series: Season 1,1,2400000,3:49,9200000
2025-11-10,2025-11-16,1,The Beast in Me: Limited Series,5,6900000,6:36,45400000
2025-11-10,2025-11-16,2,The Witcher: Season 4,3,3600000,7:11,26000000
2025-11-10,2025-11-16,3,Absentia: Season 1,3,3500000,7:20,25400000
2025-11-10,2025-11-16,4,Stranger Things: Season 1,22,3300000,6:49,22500000
2025-11-10,2025-11-16,5,Death by Lightning: Limited Series,2,3200000,3:35,11500000
2025-11-10,2025-11-16,6,Squid Game: The Challenge: Season 2,2,3200000,6:38,21000000
2025-11-10,2025-11-16,7,"Raw: 2025 - November 10, 2025",1,2800000,1:44,5100000
2025-11-10,2025-11-16,8,MARINES: Season 1,1,2800000,3:14,9000000
2025-11-10,2025-11-16,9,Stranger Things 2,20,2700000,7:53,21600000
2025-11-10,2025-11-16,10,Nobody Wants This: Season 2,4,2600000,4:26,11600000
2025-11-17,2025-11-23,1,The Beast in Me: Limited Series,5,14100000,6:36,93200000
2025-11-17,2025-11-23,2,Absentia: Season 1,3,8200000,7:20,60100000
2025-11-17,2025-11-23,3,Stranger Things: Season 1,22,4100000,6:49,27800000
2025-11-17,2025-11-23,4,Absentia: Season 2,1,4000000,7:11,28800000
2025-11-17,2025-11-23,5,Stranger Things 4,29,3300000,13:04,43500000
2025-11-17,2025-11-23,6,"Raw: 2025 - November 17, 2025",1,3100000,1:48,5800000
2025-11-17,2025-11-23,7,Stranger Things 2,20,3100000,7:53,24700000
2025-11-17,2025-11-23,8,Gabby's Dollhouse: Season 12,1,3100000,2:01,6300000
2025-11-17,2025-11-23,9,Stranger Things 3,20,3100000,7:33,23200000
2025-11-17,2025-11-23,10,Absentia: Season 3,1,2300000,7:23,17300000
2025-11-24,2025-11-30,1,Stranger Things 5,10,59600000,4:46,284200000
2025-11-24,2025-11-30,2,Kevin Hart: Acting My Age,1,9200000,1:07,10300000
2025-11-24,2025-11-30,3,Stranger Things: Season 1,22,8900000,6:49,61000000
2025-11-24,2025-11-30,4,The Beast in Me: Limited Series,5,7800000,6:36,51500000
2025-11-24,2025-11-30,5,Stranger Things 4,29,6100000,13:04,79500000
2025-11-24,2025-11-30,6,Stranger Things 2,20,5600000,7:53,44200000
2025-11-24,2025-11-30,7,Missing: Dead or Alive?: Season 2,1,5200000,2:50,14800000
2025-11-24,2025-11-30,8,Stranger Things 3,20,4600000,7:33,34700000
2025-11-24,2025-11-30,9,Absentia: Season 1,3,4500000,7:20,33100000
2025-11-24,2025-11-30,10,Mark Rober's CrunchLabs: Season 1,1,4000000,2:07,8400000
2025-12-01,2025-12-07,1,Stranger Things 5,10,23600000,4:46,112700000
2025-12-01,2025-12-07,2,Sean Combs: The Reckoning: Season 1,4,21800000,4:08,89900000
2025-12-01,2025-12-07,3,Stranger Things: Season 1,22,8200000,6:49,56100000
2025-12-01,2025-12-07,4,The Abandons: Season 1,2,7300000,5:05,37000000
2025-12-01,2025-12-07,5,Stranger Things 2,20,6800000,7:53,53800000
2025-12-01,2025-12-07,6,Stranger Things 3,20,5900000,7:33,44200000
2025-12-01,2025-12-07,7,Stranger Things 4,29,5300000,13:04,69900000
2025-12-01,2025-12-07,8,The Rats: A Witcher Tale,1,5000000,1:23,6900000
2025-12-01,2025-12-07,9,The Beast in Me: Limited Series,5,4800000,6:36,31900000
2025-12-01,2025-12-07,10,Matt Rife: Unwrapped - A Christmas Crowd Work Special,1,4600000,0:59,4500000
2025-12-08,2025-12-14,1,Man Vs Baby: Season 1,4,19100000,1:58,37600000
2025-12-08,2025-12-14,2,Sean Combs: The Reckoning: Season 1,4,17900000,4:08,74100000
2025-12-08,2025-12-14,3,Stranger Things 5,10,11200000,4:46,53200000
2025-12-08,2025-12-14,4,The Abandons: Season 1,2,7600000,5:05,38500000
2025-12-08,2025-12-14,5,Stranger Things 3,20,4800000,7:33,36400000
2025-12-08,2025-12-14,6,Stranger Things 4,29,4800000,13:04,62100000
2025-12-08,2025-12-14,7,Stranger Things: Season 1,22,4700000,6:49,32000000
2025-12-08,2025-12-14,8,Stranger Things 2,20,4700000,7:53,36800000
2025-12-08,2025-12-14,9,The Beast in Me: Limited Series,5,3500000,6:36,23200000
2025-12-08,2025-12-14,10,"Raw: 2025 - December 8, 2025",1,2500000,1:42,4400000
2025-12-15,2025-12-21,1,Man Vs Baby: Season 1,4,14600000,1:58,28700000
2025-12-15,2025-12-21,2,Emily in Paris: Season 5,5,13500000,5:47,78200000
2025-12-15,2025-12-21,3,Jake Paul vs. Anthony Joshua,1,10900000,varies,35300000
2025-12-15,2025-12-21,4,Stranger Things 5,10,8200000,4:46,38900000
2025-12-15,2025-12-21,5,Sean Combs: The Reckoning: Season 1,4,6300000,4:08,26200000
2025-12-15,2025-12-21,6,Stranger Things 4,29,3900000,13:04,51400000
2025-12-15,2025-12-21,7,Stranger Things 3,20,3600000,7:33,27400000
2025-12-15,2025-12-21,8,Stranger Things: Season 1,22,3500000,6:49,23900000
2025-12-15,2025-12-21,9,Dave Chappelle: The Unstoppable...,3,3300000,1:16,4200000
2025-12-15,2025-12-21,10,Stranger Things 2,20,3300000,7:53,26000000
2025-12-22,2025-12-28,1,Stranger Things 5,10,34500000,8:15,284800000
2025-12-22,2025-12-28,2,Emily in Paris: Season 5,5,13300000,5:47,76800000
2025-12-22,2025-12-28,3,Dave Chappelle: The Unstoppable...,3,9200000,1:16,11600000
2025-12-22,2025-12-28,4,Man Vs Baby: Season 1,4,7900000,1:58,15500000
2025-12-22,2025-12-28,5,Stranger Things: Season 1,22,4800000,6:49,32600000
2025-12-22,2025-12-28,6,Stranger Things 4,29,4100000,13:04,53300000
2025-12-22,2025-12-28,7,Sean Combs: The Reckoning: Season 1,4,3700000,4:08,15200000
2025-12-22,2025-12-28,8,Stranger Things 3,20,3600000,7:33,27300000
2025-12-22,2025-12-28,9,Stranger Things 2,20,3600000,7:53,28300000
2025-12-22,2025-12-28,10,Fireplace for Your Home: Crackling Birchwood Fireplace,4,3200000,1:00,3200000
2025-12-29,2026-01-04,1,Stranger Things 5,10,31300000,10:24,325600000
2025-12-29,2026-01-04,2,Run Away: Limited Series,4,12700000,6:16,79500000
2025-12-29,2026-01-04,3,Stranger Things: Season 1,22,7600000,6:49,52100000
2025-12-29,2026-01-04,4,Emily in Paris: Season 5,5,7400000,5:47,42700000
2025-12-29,2026-01-04,5,Stranger Things 2,20,5500000,7:53,43500000
2025-12-29,2026-01-04,6,Ricky Gervais: Mortality,1,5100000,0:59,5000000
2025-12-29,2026-01-04,7,Stranger Things 3,20,5000000,7:33,37500000
2025-12-29,2026-01-04,8,Stranger Things 4,29,4800000,13:04,62200000
2025-12-29,2026-01-04,9,Man Vs Baby: Season 1,4,4000000,1:58,7900000
2025-12-29,2026-01-04,10,Dave Chappelle: The Unstoppable...,3,2800000,1:16,3500000
2026-01-05,2026-01-11,1,HIS & HERS: Limited Series,7,19900000,4:22,86800000
2026-01-05,2026-01-11,2,Run Away: Limited Series,4,15600000,6:16,97900000
2026-01-05,2026-01-11,3,Stranger Things 5,10,9300000,10:24,96400000
2026-01-05,2026-01-11,4,Stranger Things: Season 1,22,5000000,6:49,34000000
2026-01-05,2026-01-11,5,Emily in Paris: Season 5,5,4500000,5:47,26300000
2026-01-05,2026-01-11,6,Stranger Things 2,20,4500000,7:53,35500000
2026-01-05,2026-01-11,7,Stranger Things 3,20,4400000,7:33,33400000
2026-01-05,2026-01-11,8,Stranger Things 4,29,4100000,13:04,53900000
2026-01-05,2026-01-11,9,The Good Doctor: Season 1,7,3400000,12:55,44500000
2026-01-05,2026-01-11,10,"Raw: 2026 - January 5, 2026",1,3200000,1:45,5900000
2026-01-12,2026-01-18,1,HIS & HERS: Limited Series,7,29500000,4:22,128700000
2026-01-12,2026-01-18,2,Agatha Christie's Seven Dials: Season 1,3,9900000,2:42,26600000
2026-01-12,2026-01-18,3,Run Away: Limited Series,4,6100000,6:16,38500000
2026-01-12,2026-01-18,4,Stranger Things 5,10,5100000,10:24,53500000
2026-01-12,2026-01-18,5,Stranger Things 4,29,3100000,13:04,40000000
2026-01-12,2026-01-18,6,Stranger Things 3,20,3000000,7:33,22400000
2026-01-12,2026-01-18,7,Stranger Things: Season 1,22,2800000,6:49,18900000
2026-01-12,2026-01-18,8,Emily in Paris: Season 5,5,2700000,5:47,15700000
2026-01-12,2026-01-18,9,Stranger Things 2,20,2700000,7:53,21300000
2026-01-12,2026-01-18,10,Marcello Hernández: American Boy,1,2500000,1:05,2700000
2026-01-19,2026-01-25,1,HIS & HERS: Limited Series,7,17200000,4:22,75000000
2026-01-19,2026-01-25,2,Agatha Christie's Seven Dials: Season 1,3,8700000,2:42,23500000
2026-01-19,2026-01-25,3,Skyscraper Live,2,6200000,1:56,12000000
2026-01-19,2026-01-25,4,Finding Her Edge: Season 1,2,5500000,6:03,33200000
2026-01-19,2026-01-25,5,Stranger Things 5,10,3700000,10:24,38300000
2026-01-19,2026-01-25,6,Run Away: Limited Series,4,3600000,6:16,22800000
2026-01-19,2026-01-25,7,Sandokan: The Pirate Prince: Season 1,1,3500000,7:46,27000000
2026-01-19,2026-01-25,8,Free Bert: Season 1,2,3200000,2:36,8200000
2026-01-19,2026-01-25,9,"Raw: 2026 - January 19, 2026",1,2500000,1:46,4600000
2026-01-19,2026-01-25,10,Stranger Things 4,29,2300000,13:04,30700000
2026-01-26,2026-02-01,1,Bridgerton: Season 4,9,39700000,4:23,174100000
2026-01-26,2026-02-01,2,HIS & HERS: Limited Series,7,11000000,4:22,48200000
2026-01-26,2026-02-01,3,Finding Her Edge: Season 1,2,6700000,6:03,40400000
2026-01-26,2026-02-01,4,Skyscraper Live,2,5300000,1:57,10400000
2026-01-26,2026-02-01,5,Mike Epps: Delusional,1,3800000,1:00,3800000
2026-01-26,2026-02-01,6,Free Bert: Season 1,2,3700000,2:36,9500000
2026-01-26,2026-02-01,7,Agatha Christie's Seven Dials: Season 1,3,3000000,2:42,8100000
2026-01-26,2026-02-01,8,Bridgerton: Season 3,14,2700000,7:59,21700000
2026-01-26,2026-02-01,9,Stranger Things 5,10,2700000,10:24,28200000
2026-01-26,2026-02-01,10,Bridgerton: Season 1,20,2700000,8:12,22200000
2026-02-02,2026-02-08,1,Bridgerton: Season 4,9,23400000,4:23,102600000
2026-02-02,2026-02-08,2,The Lincoln Lawyer: Season 4,4,9000000,8:26,75900000
2026-02-02,2026-02-08,3,HIS & HERS: Limited Series,7,6200000,4:22,27100000
2026-02-02,2026-02-08,4,Is It Cake? Valentines: Season 1,1,4300000,0:45,3200000
2026-02-02,2026-02-08,5,Bridgerton: Season 1,20,3500000,8:12,29000000
2026-02-02,2026-02-08,6,"Raw: 2026 - February 2, 2026",1,3100000,1:49,5800000
2026-02-02,2026-02-08,7,Jeffrey Epstein: Filthy Rich: Limited Series,4,3100000,3:46,11500000
2026-02-02,2026-02-08,8,Bridgerton: Season 3,14,3000000,7:59,23600000
2026-02-02,2026-02-08,9,Sullivan's Crossing: Season 1,3,2800000,7:21,20900000
2026-02-02,2026-02-08,10,Animal Kingdom: Season 1,1,2800000,8:13,22700000
2026-02-09,2026-02-15,1,The Lincoln Lawyer: Season 4,4,9600000,8:26,80800000
2026-02-09,2026-02-15,2,Bridgerton: Season 4,9,9400000,4:23,41200000
2026-02-09,2026-02-15,3,Jeffrey Epstein: Filthy Rich: Limited Series,4,8400000,3:46,31600000
2026-02-09,2026-02-15,4,Katt Williams: The Last Report,1,7100000,0:59,7000000
2026-02-09,2026-02-15,5,Love Is Blind: S10: Ohio,4,4600000,5:46,26600000
2026-02-09,2026-02-15,6,HIS & HERS: Limited Series,7,3900000,4:22,16900000
2026-02-09,2026-02-15,7,"Raw: 2026 - February 9, 2026",1,2900000,1:43,5100000
2026-02-09,2026-02-15,8,The Creature Cases: Chapter 7,1,2200000,2:46,6100000
2026-02-09,2026-02-15,9,Bridgerton: Season 3,14,2200000,7:59,17400000
2026-02-09,2026-02-15,10,Bridgerton: Season 1,20,1900000,8:12,15400000
2026-02-16,2026-02-22,1,Reality Check: Inside America's Next Top Model: Season 1,2,14200000,2:47,39600000
2026-02-16,2026-02-22,2,The Night Agent: Season 3,4,8400000,8:43,73200000
2026-02-16,2026-02-22,3,Bridgerton: Season 4,9,6300000,4:23,27600000
2026-02-16,2026-02-22,4,The Lincoln Lawyer: Season 4,4,4900000,8:26,41600000
2026-02-16,2026-02-22,5,Love Is Blind: S10: Ohio,4,4800000,8:46,42300000
2026-02-16,2026-02-22,6,Jeffrey Epstein: Filthy Rich: Limited Series,4,4200000,3:46,15900000
2026-02-16,2026-02-22,7,The Hunting Party: Season 1,1,3500000,7:05,24600000
2026-02-16,2026-02-22,8,HIS & HERS: Limited Series,7,2900000,4:22,12500000
2026-02-16,2026-02-22,9,"Raw: 2026 - February 16, 2026",1,2700000,1:43,4900000
2026-02-16,2026-02-22,10,Being Gordon Ramsay: Season 1,2,2700000,4:32,12200000
2026-02-23,2026-03-01,1,Bridgerton: Season 4,9,28000000,8:53,248800000
2026-02-23,2026-03-01,2,The Night Agent: Season 3,4,9900000,8:43,86200000
2026-02-23,2026-03-01,3,Reality Check: Inside America's Next Top Model: Season 1,2,3800000,2:47,10600000
2026-02-23,2026-03-01,4,Love Is Blind: S10: Ohio,4,3100000,10:47,33200000
2026-02-23,2026-03-01,5,The Night Agent: Season 1,17,2900000,8:11,23600000
2026-02-23,2026-03-01,6,The Lincoln Lawyer: Season 4,4,2900000,8:26,24200000
2026-02-23,2026-03-01,7,"Raw: 2026 - February 23, 2026",1,2800000,1:53,5600000
2026-02-23,2026-03-01,8,The Night Agent: Season 2,6,2700000,8:36,23300000
2026-02-23,2026-03-01,9,Formula 1: Drive to Survive: Season 8,2,2700000,6:04,16100000
2026-02-23,2026-03-01,10,Being Gordon Ramsay: Season 1,2,2300000,4:32,10400000
2026-03-02,2026-03-08,1,Bridgerton: Season 4,9,13100000,8:53,116400000
2026-03-02,2026-03-08,2,The Dinosaurs: Season 1,3,10400000,3:06,32300000
2026-03-02,2026-03-08,3,The Night Agent: Season 3,4,5200000,8:43,45000000
2026-03-02,2026-03-08,4,Vladimir: Limited Series,2,4200000,4:01,17000000
2026-03-02,2026-03-08,5,Formula 1: Drive to Survive: Season 8,2,3000000,6:04,18500000
2026-03-02,2026-03-08,6,"Raw: 2026 - March 2, 2026",1,3000000,1:41,5400000
2026-03-02,2026-03-08,7,Gabby's Dollhouse: Season 13,1,2500000,2:02,5100000
2026-03-02,2026-03-08,8,Bridgerton: Season 1,20,2200000,8:12,18300000
2026-03-02,2026-03-08,9,The Mentalist: Season 1,1,2200000,16:36,36800000
2026-03-02,2026-03-08,10,Love Is Blind: S10: Ohio,4,2000000,12:06,24100000
2026-03-09,2026-03-15,1,ONE PIECE: Season 2,5,16800000,8:06,136200000
2026-03-09,2026-03-15,2,The Dinosaurs: Season 1,3,9600000,3:06,29900000
2026-03-09,2026-03-15,3,Love Is Blind: The Reunion,1,8900000,1:32,13700000
2026-03-09,2026-03-15,4,Virgin River: Season 7,4,7000000,8:15,58000000
2026-03-09,2026-03-15,5,Bridgerton: Season 4,9,5300000,8:53,47100000
2026-03-09,2026-03-15,6,Age of Attraction: Season 1,2,3800000,5:01,19100000
2026-03-09,2026-03-15,7,ONE PIECE: Season 1,11,3600000,7:34,27000000
2026-03-09,2026-03-15,8,Vladimir: Limited Series,2,3500000,4:01,14100000
2026-03-09,2026-03-15,9,The Night Agent: Season 3,4,3200000,8:43,28200000
2026-03-09,2026-03-15,10,"Raw: 2026 - March 9, 2026",1,2800000,1:41,5000000
2026-03-16,2026-03-22,1,ONE PIECE: Season 2,5,11100000,8:06,90300000
2026-03-16,2026-03-22,2,Virgin River: Season 7,4,7700000,8:15,63900000
2026-03-16,2026-03-22,3,Beauty in Black: Season 2,6,5300000,13:52,73900000
2026-03-16,2026-03-22,4,ONE PIECE: Season 1,11,4400000,7:34,33100000
2026-03-16,2026-03-22,5,The Dinosaurs: Season 1,3,3400000,3:06,10400000
2026-03-16,2026-03-22,6,Bridgerton: Season 4,9,3200000,8:53,28600000
2026-03-16,2026-03-22,7,Age of Attraction: Season 1,2,3200000,6:52,21700000
2026-03-16,2026-03-22,8,"Raw: 2026 - March 16, 2026",1,3000000,1:56,5900000
2026-03-16,2026-03-22,9,Love & Death: Season 1,1,2900000,6:17,18400000
2026-03-16,2026-03-22,10,Mark Rober's CrunchLabs: Season 3,1,2900000,2:13,6400000
2026-03-23,2026-03-29,1,ONE PIECE: Season 2,5,5900000,8:06,47500000
2026-03-23,2026-03-29,2,Something Very Bad Is Going to Happen: Season 1,3,4500000,6:21,28300000
2026-03-23,2026-03-29,3,Beauty in Black: Season 2,6,4200000,13:52,57700000
2026-03-23,2026-03-29,4,Virgin River: Season 7,4,4100000,8:15,33800000
2026-03-23,2026-03-29,5,Homicide: New York: Season 2,2,3600000,4:13,15200000
2026-03-23,2026-03-29,6,"Raw: 2026 - March 23, 2026",1,2900000,1:51,5500000
2026-03-23,2026-03-29,7,The Predator of Seville: Limited Series,2,2800000,2:24,6600000
2026-03-23,2026-03-29,8,ONE PIECE: Season 1,11,2600000,7:34,19600000
2026-03-23,2026-03-29,9,Heartbreak High: Season 3,1,2400000,6:19,15100000
2026-03-23,2026-03-29,10,Bridgerton: Season 4,9,2400000,8:53,21100000
2026-03-30,2026-04-05,1,"XO, Kitty: Season 3",3,12900000,4:20,55900000
2026-03-30,2026-04-05,2,Something Very Bad Is Going to Happen: Season 1,3,6900000,6:21,43800000
2026-03-30,2026-04-05,3,The Predator of Seville: Limited Series,2,4700000,2:24,11300000
2026-03-30,2026-04-05,4,ONE PIECE: Season 2,5,3500000,8:06,28500000
2026-03-30,2026-04-05,5,Love on the Spectrum: Season 4,2,3400000,5:57,20400000
2026-03-30,2026-04-05,6,"Raw: 2026 - March 30, 2026",1,3000000,1:47,5500000
2026-03-30,2026-04-05,7,Homicide: New York: Season 2,2,2600000,4:13,10800000
2026-03-30,2026-04-05,8,Virgin River: Season 7,4,2400000,8:15,19900000
2026-03-30,2026-04-05,9,Beauty in Black: Season 2,6,2300000,13:52,31700000
2026-03-30,2026-04-05,10,Ripple: Season 1,1,2000000,5:35,11100000
2026-04-06,2026-04-12,1,Trust Me: The False Prophet: Season 1,3,9800000,3:17,32100000
2026-04-06,2026-04-12,2,"XO, Kitty: Season 3",3,7800000,4:20,34000000
2026-04-06,2026-04-12,3,Danny Go!: Season 1,3,5300000,2:02,10800000
2026-04-06,2026-04-12,4,Love on the Spectrum: Season 4,2,3500000,5:57,20600000
2026-04-06,2026-04-12,5,Something Very Bad Is Going to Happen: Season 1,3,3100000,6:21,19700000
2026-04-06,2026-04-12,6,"Raw: 2026 - April 6, 2026",1,2900000,1:46,5500000
2026-04-06,2026-04-12,7,The Cleaning Lady: Season 1,2,2800000,7:16,20200000
2026-04-06,2026-04-12,8,Big Mistakes: Season 1,2,2700000,4:27,12200000
2026-04-06,2026-04-12,9,ONE PIECE: Season 2,5,2200000,8:06,18200000
2026-04-06,2026-04-12,10,Salish & Jordan Matter: Season 1,4,2100000,3:32,7400000
2026-04-13,2026-04-19,1,Trust Me: The False Prophet: Season 1,3,6900000,3:17,22700000
2026-04-13,2026-04-19,2,Salish & Jordan Matter: Season 1,4,5000000,3:32,17700000
2026-04-13,2026-04-19,3,Big Mistakes: Season 1,2,4400000,4:27,19400000
2026-04-13,2026-04-19,4,"XO, Kitty: Season 3",3,3000000,4:20,13000000
2026-04-13,2026-04-19,5,"Raw: 2026 - April 13, 2026",1,2900000,1:53,5600000
2026-04-13,2026-04-19,6,At Home With The Furys: Season 2,1,2800000,6:00,16700000
2026-04-13,2026-04-19,7,The Cleaning Lady: Season 1,2,2600000,7:16,18800000
2026-04-13,2026-04-19,8,Temptation Island: Season 2,1,2500000,8:43,21500000
2026-04-13,2026-04-19,9,Danny Go!: Season 1,3,2500000,2:02,5000000
2026-04-13,2026-04-19,10,BEEF: Season 2,2,2400000,5:52,14100000
2026-04-20,2026-04-26,1,Unchosen: Season 1,3,10400000,4:30,46900000
2026-04-20,2026-04-26,2,Running Point: Season 2,3,5300000,4:47,25200000
2026-04-20,2026-04-26,3,BEEF: Season 2,2,4100000,5:52,23800000
2026-04-20,2026-04-26,4,"Raw: 2026 - April 20, 2026",1,3300000,1:59,6600000
2026-04-20,2026-04-26,5,Hulk Hogan: Real American: Limited Series,2,3000000,4:08,12300000
2026-04-20,2026-04-26,6,Salish & Jordan Matter: Season 1,4,2900000,3:32,10100000
2026-04-20,2026-04-26,7,Stranger Things: Tales From '85: Season 1,2,2800000,4:52,13800000
2026-04-20,2026-04-26,8,Trust Me: The False Prophet: Season 1,3,2600000,3:17,8600000
2026-04-20,2026-04-26,9,The Staircase: Season 1,1,2600000,8:40,22700000
2026-04-20,2026-04-26,10,Million Dollar Secret: Season 2,1,2600000,5:43,14600000
2026-04-27,2026-05-03,1,Man on Fire: Season 1,4,11000000,5:33,61000000
2026-04-27,2026-05-03,2,Should I Marry A Murderer?: Limited Series,3,10600000,2:31,26800000
2026-04-27,2026-05-03,3,Unchosen: Season 1,3,8800000,4:30,39700000
2026-04-27,2026-05-03,4,Running Point: Season 2,3,6700000,4:47,32000000
2026-04-27,2026-05-03,5,Hulk Hogan: Real American: Limited Series,2,3100000,4:08,12900000
2026-04-27,2026-05-03,6,"Raw: 2026 - April 27, 2026",1,2800000,1:47,5200000
2026-04-27,2026-05-03,7,Running Point: Season 1,6,2500000,5:04,12500000
2026-04-27,2026-05-03,8,Danny Go!: Season 1,4,2300000,2:02,4600000
2026-04-27,2026-05-03,9,Salish & Jordan Matter: Season 1,4,2200000,3:32,7700000
2026-04-27,2026-05-03,10,Stranger Things: Tales From '85: Season 1,2,2100000,4:52,10100000
2026-05-04,2026-05-10,1,Man on Fire: Season 1,4,12600000,5:33,70200000
2026-05-04,2026-05-10,2,Should I Marry A Murderer?: Limited Series,3,8000000,2:31,20100000
2026-05-04,2026-05-10,3,Worst Ex Ever: Season 2,3,8000000,4:01,32000000
2026-05-04,2026-05-10,4,Legends: Season 1,3,3400000,5:54,20300000
2026-05-04,2026-05-10,5,Running Point: Season 2,3,3300000,4:47,15800000
2026-05-04,2026-05-10,6,Unchosen: Season 1,3,3100000,4:30,14100000
2026-05-04,2026-05-10,7,"Raw: 2026 - May 4, 2026",1,2700000,1:36,4600000
2026-05-04,2026-05-10,8,Lord of the Flies: Limited Series,1,2500000,4:03,10300000
2026-05-04,2026-05-10,9,Funny AF with Kevin Hart: Season 1 - The Live Semifinals,1,2200000,1:11,2600000
2026-05-04,2026-05-10,10,La Brea: Season 1,3,2100000,7:11,14900000
2026-05-11,2026-05-17,1,The Roast of Kevin Hart,2,13500000,2:52,38600000
2026-05-11,2026-05-17,2,Worst Ex Ever: Season 2,3,8100000,4:01,32600000
2026-05-11,2026-05-17,3,Nemesis: Season 1,2,7100000,7:47,55000000
2026-05-11,2026-05-17,4,Legends: Season 1,3,6600000,5:54,38700000
2026-05-11,2026-05-17,5,Man on Fire: Season 1,4,5500000,5:33,30300000
2026-05-11,2026-05-17,6,Devil May Cry: Season 2,2,4100000,4:46,19400000
2026-05-11,2026-05-17,7,"Raw: 2026 - May 11, 2026",1,2600000,1:47,4800000
2026-05-11,2026-05-17,8,Should I Marry A Murderer?: Limited Series,3,2500000,2:31,6400000
2026-05-11,2026-05-17,9,Perfect Match: Season 4,2,2300000,4:58,11300000
2026-05-11,2026-05-17,10,Danny Go!: Season 1,4,2100000,2:02,4300000
2026-05-18,2026-05-24,1,Nemesis: Season 1,2,11400000,7:47,88900000
2026-05-18,2026-05-24,2,The Boroughs: Season 1,1,5600000,6:15,35300000
2026-05-18,2026-05-24,3,Worst Ex Ever: Season 2,3,3600000,4:01,14600000
2026-05-18,2026-05-24,4,The Roast of Kevin Hart,2,3100000,2:52,9000000
2026-05-18,2026-05-24,5,Man on Fire: Season 1,4,3000000,5:33,16800000
2026-05-18,2026-05-24,6,Legends: Season 1,3,2900000,5:54,17400000
2026-05-18,2026-05-24,7,"Raw: 2026 - May 18, 2026",1,2600000,1:43,4600000
2026-05-18,2026-05-24,8,Perfect Match: Season 4,2,2400000,7:04,17100000
2026-05-18,2026-05-24,9,Devil May Cry: Season 2,2,2300000,4:46,10800000
2026-05-18,2026-05-24,10,Kylie: Limited Series,1,2100000,3:04,6400000
