week_start,week_end,rank,title,weeks_in_top10,views,runtime,hours_viewed,title_clean,season,tmdb_id,tmdb_title,tmdb_score,status,network,type,genre,season_air_date,tmdb_lookup_type
2025-04-28,2025-05-04,1,The Four Seasons: Season 1,5,11900000,4:18,51100000,The Four Seasons,Season 1,243316.0,The Four Seasons,6.549,Returning Series,Netflix,Scripted,Comedy,,inferred
2025-04-28,2025-05-04,2,You: Season 5,4,10900000,8:27,92400000,You,Season 5,78191.0,You,8.01,Ended,Lifetime | Netflix,Scripted,Mystery | Crime | Drama,2025-04-24,inferred
2025-04-28,2025-05-04,3,Ransom Canyon: Season 1,4,4200000,7:54,33100000,Ransom Canyon,Season 1,240993.0,Ransom Canyon,6.899,Returning Series,Netflix,Scripted,Drama | Western,2025-04-17,inferred
2025-04-28,2025-05-04,4,"Raw: 2025 - April 28, 2025",1,3000000,1:51,5800000,Raw,"2025 - April 28, 2025",4656.0,Raw,6.8,Returning Series,USA Network | Spike | Netflix | The New TNN,Scripted,Reality,,inferred
2025-04-28,2025-05-04,5,You: Season 1,10,2800000,7:31,21300000,You,Season 1,78191.0,You,8.01,Ended,Lifetime | Netflix,Scripted,Mystery | Crime | Drama,2018-09-09,inferred
2025-04-28,2025-05-04,6,Black Mirror: Season 7,5,2500000,6:11,15200000,Black Mirror,Season 7,42009.0,Black Mirror,8.286,Returning Series,Channel 4 | Netflix,Scripted,Sci-Fi & Fantasy | Drama | Mystery,2025-04-10,inferred
2025-04-28,2025-05-04,7,Adolescence: Limited Series,10,2300000,3:50,9000000,Adolescence,Limited Series,249042.0,Adolescence,7.9,Ended,Netflix,Miniseries,Drama | Crime,2025-03-13,defaulted
2025-04-28,2025-05-04,8,Battle Camp: Season 1,1,2300000,8:51,20300000,Battle Camp,Season 1,287366.0,Battle Camp,6.4,Canceled,Netflix,Reality,Reality,2025-04-23,inferred
2025-04-28,2025-05-04,9,Ms. Rachel: Season 1,25,2200000,3:02,6800000,Ms. Rachel,Season 1,282238.0,Ms. Rachel,6.5,Returning Series,Netflix,Scripted,Kids,2025-01-27,inferred
2025-04-28,2025-05-04,10,Turning Point: The Vietnam War: Season 1,1,2100000,6:24,13700000,Turning Point: The Vietnam War,Season 1,286788.0,Turning Point: The Vietnam War,7.292,Ended,Netflix,Miniseries,Documentary | War & Politics,2025-04-30,inferred
2025-05-05,2025-05-11,1,The Four Seasons: Season 1,5,12500000,4:18,53900000,The Four Seasons,Season 1,243316.0,The Four Seasons,6.549,Returning Series,Netflix,Scripted,Comedy,,inferred
2025-05-05,2025-05-11,2,You: Season 5,4,5400000,8:27,45300000,You,Season 5,78191.0,You,8.01,Ended,Lifetime | Netflix,Scripted,Mystery | Crime | Drama,2025-04-24,inferred
2025-05-05,2025-05-11,3,FOREVER: Season 1,4,3700000,6:30,24200000,FOREVER,Season 1,60726.0,Forever,7.813,Canceled,ABC,Scripted,Drama | Crime | Mystery | Sci-Fi & Fantasy,2014-09-22,inferred
2025-05-05,2025-05-11,4,"Raw: 2025 - May 5, 2025",1,2800000,1:56,5700000,Raw,"2025 - May 5, 2025",4656.0,Raw,6.8,Returning Series,USA Network | Spike | Netflix | The New TNN,Scripted,Reality,,inferred
2025-05-05,2025-05-11,5,Ransom Canyon: Season 1,4,2500000,7:54,20000000,Ransom Canyon,Season 1,240993.0,Ransom Canyon,6.899,Returning Series,Netflix,Scripted,Drama | Western,2025-04-17,inferred
2025-05-05,2025-05-11,6,Ms. Rachel: Season 1,25,2200000,3:02,6700000,Ms. Rachel,Season 1,282238.0,Ms. Rachel,6.5,Returning Series,Netflix,Scripted,Kids,2025-01-27,inferred
2025-05-05,2025-05-11,7,Unseen: Season 2,1,2000000,4:26,9000000,Unseen,Season 2,242535.0,Sight Unseen,7.8,Returning Series,CTV,Scripted,Drama | Crime,2025-01-20,inferred
2025-05-05,2025-05-11,8,Unseen: Season 1,3,2000000,4:28,9000000,Unseen,Season 1,242535.0,Sight Unseen,7.8,Returning Series,CTV,Scripted,Drama | Crime,2024-01-21,inferred
2025-05-05,2025-05-11,9,You: Season 1,10,1600000,7:31,11800000,You,Season 1,78191.0,You,8.01,Ended,Lifetime | Netflix,Scripted,Mystery | Crime | Drama,2018-09-09,inferred
2025-05-05,2025-05-11,10,Black Mirror: Season 7,5,1600000,6:11,9600000,Black Mirror,Season 7,42009.0,Black Mirror,8.286,Returning Series,Channel 4 | Netflix,Scripted,Sci-Fi & Fantasy | Drama | Mystery,2025-04-10,inferred
2025-05-12,2025-05-18,1,American Manhunt: Osama bin Laden: Season 1,4,12600000,3:04,38700000,American Manhunt: Osama bin Laden,Season 1,283367.0,American Manhunt: Osama bin Laden,7.521,Ended,Netflix,Miniseries,Documentary,2025-05-14,inferred
2025-05-12,2025-05-18,2,Fred and Rose West: A British Horror Story: Limited Series,3,8300000,2:37,21700000,Fred and Rose West: A British Horror Story,Limited Series,289123.0,Fred and Rose West: A British Horror Story,6.9,Ended,Netflix,Miniseries,Documentary | Crime,2025-05-14,defaulted
2025-05-12,2025-05-18,3,FOREVER: Season 1,4,6700000,6:30,43700000,FOREVER,Season 1,60726.0,Forever,7.813,Canceled,ABC,Scripted,Drama | Crime | Mystery | Sci-Fi & Fantasy,2014-09-22,inferred
2025-05-12,2025-05-18,4,The Four Seasons: Season 1,5,5300000,4:18,23000000,The Four Seasons,Season 1,243316.0,The Four Seasons,6.549,Returning Series,Netflix,Scripted,Comedy,,inferred
2025-05-12,2025-05-18,5,Bad Thoughts: Season 1,1,3800000,1:58,7500000,Bad Thoughts,Season 1,251608.0,Bad Thoughts,5.8,Returning Series,Netflix,Scripted,Comedy,2025-05-13,inferred
2025-05-12,2025-05-18,6,You: Season 5,4,3300000,8:27,28000000,You,Season 5,78191.0,You,8.01,Ended,Lifetime | Netflix,Scripted,Mystery | Crime | Drama,2025-04-24,inferred
2025-05-12,2025-05-18,7,"Love, Death & Robots: Volume 4",2,2900000,2:02,5900000,"Love, Death & Robots",Volume 4,86831.0,"Love, Death & Robots",8.21,Returning Series,Netflix,Scripted,Animation | Sci-Fi & Fantasy,2025-05-15,inferred
2025-05-12,2025-05-18,8,"Raw: 2025 - May 12, 2025",1,2700000,1:49,5100000,Raw,"2025 - May 12, 2025",4656.0,Raw,6.8,Returning Series,USA Network | Spike | Netflix | The New TNN,Scripted,Reality,,inferred
2025-05-12,2025-05-18,9,Bet: Season 1,3,2400000,5:49,13700000,Bet,Season 1,255779.0,Bet,6.659,Returning Series,Netflix,Scripted,Drama | Mystery | Crime,2025-05-15,inferred
2025-05-12,2025-05-18,10,Ms. Rachel: Season 1,25,2200000,3:02,6700000,Ms. Rachel,Season 1,282238.0,Ms. Rachel,6.5,Returning Series,Netflix,Scripted,Kids,2025-01-27,inferred
2025-05-19,2025-05-25,1,Sirens: Limited Series,8,16700000,4:44,79200000,Sirens,Limited Series,246992.0,Sirens,6.662,Ended,Netflix,Miniseries,Drama | Comedy,2025-05-22,defaulted
2025-05-19,2025-05-25,2,American Manhunt: Osama bin Laden: Season 1,4,10700000,3:04,32800000,American Manhunt: Osama bin Laden,Season 1,283367.0,American Manhunt: Osama bin Laden,7.521,Ended,Netflix,Miniseries,Documentary,2025-05-14,inferred
2025-05-19,2025-05-25,3,Fred and Rose West: A British Horror Story: Limited Series,3,6000000,2:37,15800000,Fred and Rose West: A British Horror Story,Limited Series,289123.0,Fred and Rose West: A British Horror Story,6.9,Ended,Netflix,Miniseries,Documentary | Crime,2025-05-14,defaulted
2025-05-19,2025-05-25,4,Bet: Season 1,3,5000000,5:49,28800000,Bet,Season 1,255779.0,Bet,6.659,Returning Series,Netflix,Scripted,Drama | Mystery | Crime,2025-05-15,inferred
2025-05-19,2025-05-25,5,"Love, Death & Robots: Volume 4",2,3400000,2:02,7000000,"Love, Death & Robots",Volume 4,86831.0,"Love, Death & Robots",8.21,Returning Series,Netflix,Scripted,Animation | Sci-Fi & Fantasy,2025-05-15,inferred
2025-05-19,2025-05-25,6,The Four Seasons: Season 1,5,3200000,4:18,13900000,The Four Seasons,Season 1,243316.0,The Four Seasons,6.549,Returning Series,Netflix,Scripted,Comedy,,inferred
2025-05-19,2025-05-25,7,FOREVER: Season 1,4,3200000,6:30,20600000,FOREVER,Season 1,60726.0,Forever,7.813,Canceled,ABC,Scripted,Drama | Crime | Mystery | Sci-Fi & Fantasy,2014-09-22,inferred
2025-05-19,2025-05-25,8,Miss Governor: Season 1,2,2700000,3:18,9000000,Miss Governor,Season 1,283368.0,Miss Governor,4.676,Returning Series,Netflix,Scripted,Comedy | War & Politics,2025-05-22,inferred
2025-05-19,2025-05-25,9,"Raw: 2025 - May 19, 2025",1,2700000,1:40,5000000,Raw,"2025 - May 19, 2025",4656.0,Raw,6.8,Returning Series,USA Network | Spike | Netflix | The New TNN,Scripted,Reality,,inferred
2025-05-19,2025-05-25,10,Ms. Rachel: Season 1,25,2200000,3:02,6700000,Ms. Rachel,Season 1,282238.0,Ms. Rachel,6.5,Returning Series,Netflix,Scripted,Kids,2025-01-27,inferred
2025-05-26,2025-06-01,1,Sirens: Limited Series,8,18200000,4:44,86300000,Sirens,Limited Series,246992.0,Sirens,6.662,Ended,Netflix,Miniseries,Drama | Comedy,2025-05-22,defaulted
2025-05-26,2025-06-01,2,Cold Case: The Tylenol Murders: Season 1,2,11900000,1:58,23500000,Cold Case: The Tylenol Murders,Season 1,289486.0,Cold Case: The Tylenol Murders,6.724,Ended,Netflix,Miniseries,Documentary | Crime,2025-05-26,inferred
2025-05-26,2025-06-01,3,Dept. Q: Season 1,6,6000000,8:16,49300000,Dept. Q,Season 1,245703.0,Dept. Q,7.882,Returning Series,Netflix,Scripted,Drama | Crime | Mystery,2025-05-29,inferred
2025-05-26,2025-06-01,4,American Manhunt: Osama bin Laden: Season 1,4,5400000,3:04,16500000,American Manhunt: Osama bin Laden,Season 1,283367.0,American Manhunt: Osama bin Laden,7.521,Ended,Netflix,Miniseries,Documentary,2025-05-14,inferred
2025-05-26,2025-06-01,5,Bet: Season 1,3,2900000,5:49,16600000,Bet,Season 1,255779.0,Bet,6.659,Returning Series,Netflix,Scripted,Drama | Mystery | Crime,2025-05-15,inferred
2025-05-26,2025-06-01,6,"Raw: 2025 - May 26, 2025",1,2600000,1:43,4800000,Raw,"2025 - May 26, 2025",4656.0,Raw,6.8,Returning Series,USA Network | Spike | Netflix | The New TNN,Scripted,Reality,,inferred
2025-05-26,2025-06-01,7,The Four Seasons: Season 1,5,2400000,4:18,10400000,The Four Seasons,Season 1,243316.0,The Four Seasons,6.549,Returning Series,Netflix,Scripted,Comedy,,inferred
2025-05-26,2025-06-01,8,Fred and Rose West: A British Horror Story: Limited Series,3,2300000,2:37,6100000,Fred and Rose West: A British Horror Story,Limited Series,289123.0,Fred and Rose West: A British Horror Story,6.9,Ended,Netflix,Miniseries,Documentary | Crime,2025-05-14,defaulted
2025-05-26,2025-06-01,9,Miss Governor: Season 1,2,2300000,3:18,7600000,Miss Governor,Season 1,283368.0,Miss Governor,4.676,Returning Series,Netflix,Scripted,Comedy | War & Politics,2025-05-22,inferred
2025-05-26,2025-06-01,10,FOREVER: Season 1,4,2300000,6:30,14700000,FOREVER,Season 1,60726.0,Forever,7.813,Canceled,ABC,Scripted,Drama | Crime | Mystery | Sci-Fi & Fantasy,2014-09-22,inferred
2025-06-09,2025-06-15,1,Ginny & Georgia: Season 3,6,16900000,10:34,178200000,Ginny & Georgia,Season 3,117581.0,Ginny & Georgia,8.0,Returning Series,Netflix,Scripted,Comedy | Drama,2025-06-04,inferred
2025-06-09,2025-06-15,2,The Survivors: Limited Series,4,9000000,4:58,44600000,The Survivors,Limited Series,284605.0,The Survivors,6.606,Ended,Netflix,Miniseries,Drama | Mystery,2025-06-06,defaulted
2025-06-09,2025-06-15,3,Sirens: Limited Series,8,4300000,4:44,20200000,Sirens,Limited Series,246992.0,Sirens,6.662,Ended,Netflix,Miniseries,Drama | Comedy,2025-05-22,defaulted
2025-06-09,2025-06-15,4,Dept. Q: Season 1,6,4300000,8:16,35200000,Dept. Q,Season 1,245703.0,Dept. Q,7.882,Returning Series,Netflix,Scripted,Drama | Crime | Mystery,2025-05-29,inferred
2025-06-09,2025-06-15,5,Ginny & Georgia: Season 1,10,4200000,9:08,38600000,Ginny & Georgia,Season 1,117581.0,Ginny & Georgia,8.0,Returning Series,Netflix,Scripted,Comedy | Drama,2021-02-23,inferred
2025-06-09,2025-06-15,6,Ginny & Georgia: Season 2,11,3300000,9:47,32100000,Ginny & Georgia,Season 2,117581.0,Ginny & Georgia,8.0,Returning Series,Netflix,Scripted,Comedy | Drama,2023-01-05,inferred
2025-06-09,2025-06-15,7,"Raw: 2025 - June 9, 2025",1,2900000,2:02,6100000,Raw,"2025 - June 9, 2025",4656.0,Raw,6.8,Returning Series,USA Network | Spike | Netflix | The New TNN,Scripted,Reality,,inferred
2025-06-09,2025-06-15,8,Tires: Season 2,1,2800000,4:54,13700000,Tires,Season 2,247522.0,Tires,6.442,Returning Series,Netflix,Scripted,Comedy,2025-06-05,inferred
2025-06-09,2025-06-15,9,The Creature Cases: Chapter 5,1,2500000,2:37,6600000,The Creature Cases,Chapter 5,195407.0,The Creature Cases,7.8,Returning Series,Netflix,Scripted,Kids | Animation,2025-06-09,inferred
2025-06-09,2025-06-15,10,FUBAR: Season 2,3,2200000,6:27,14400000,FUBAR,Season 2,221300.0,FUBAR,6.613,Canceled,Netflix,Scripted,Action & Adventure | Drama | Comedy,2025-06-12,inferred
2025-06-16,2025-06-22,1,The Waterfront: Season 1,5,8300000,6:25,53300000,The Waterfront,Season 1,254544.0,The Waterfront,7.1,Canceled,Netflix,Scripted,Drama | Crime,2025-06-19,inferred
2025-06-16,2025-06-22,2,Ginny & Georgia: Season 3,6,8100000,10:34,85900000,Ginny & Georgia,Season 3,117581.0,Ginny & Georgia,8.0,Returning Series,Netflix,Scripted,Comedy | Drama,2025-06-04,inferred
2025-06-16,2025-06-22,3,The Survivors: Limited Series,4,3400000,4:58,17100000,The Survivors,Limited Series,284605.0,The Survivors,6.606,Ended,Netflix,Miniseries,Drama | Mystery,2025-06-06,defaulted
2025-06-16,2025-06-22,4,Dept. Q: Season 1,6,3400000,8:16,28100000,Dept. Q,Season 1,245703.0,Dept. Q,7.882,Returning Series,Netflix,Scripted,Drama | Crime | Mystery,2025-05-29,inferred
2025-06-16,2025-06-22,5,AMERICA'S SWEETHEARTS: Dallas Cowboys Cheerleaders: Season 2,2,3300000,6:56,23100000,AMERICA'S SWEETHEARTS: Dallas Cowboys Cheerleaders,Season 2,252257.0,AMERICA'S SWEETHEARTS: Dallas Cowboys Cheerleaders,8.4,Returning Series,Netflix,Documentary,Documentary,2025-06-18,inferred
2025-06-16,2025-06-22,6,Sirens: Limited Series,8,3300000,4:44,15700000,Sirens,Limited Series,246992.0,Sirens,6.662,Ended,Netflix,Miniseries,Drama | Comedy,2025-05-22,defaulted
2025-06-16,2025-06-22,7,FUBAR: Season 2,3,3300000,6:27,21300000,FUBAR,Season 2,221300.0,FUBAR,6.613,Canceled,Netflix,Scripted,Action & Adventure | Drama | Comedy,2025-06-12,inferred
2025-06-16,2025-06-22,8,Ginny & Georgia: Season 1,10,2700000,9:08,25000000,Ginny & Georgia,Season 1,117581.0,Ginny & Georgia,8.0,Returning Series,Netflix,Scripted,Comedy | Drama,2021-02-23,inferred
2025-06-16,2025-06-22,9,"Raw: 2025 - June 16, 2025",1,2700000,1:43,5000000,Raw,"2025 - June 16, 2025",4656.0,Raw,6.8,Returning Series,USA Network | Spike | Netflix | The New TNN,Scripted,Reality,,inferred
2025-06-16,2025-06-22,10,Ginny & Georgia: Season 2,11,2700000,9:47,26200000,Ginny & Georgia,Season 2,117581.0,Ginny & Georgia,8.0,Returning Series,Netflix,Scripted,Comedy | Drama,2023-01-05,inferred
2025-06-23,2025-06-29,1,The Waterfront: Season 1,5,11600000,6:25,74300000,The Waterfront,Season 1,254544.0,The Waterfront,7.1,Canceled,Netflix,Scripted,Drama | Crime,2025-06-19,inferred
2025-06-23,2025-06-29,2,Ginny & Georgia: Season 3,6,4800000,10:34,51200000,Ginny & Georgia,Season 3,117581.0,Ginny & Georgia,8.0,Returning Series,Netflix,Scripted,Comedy | Drama,2025-06-04,inferred
2025-06-23,2025-06-29,3,AMERICA'S SWEETHEARTS: Dallas Cowboys Cheerleaders: Season 2,2,2800000,6:56,19400000,AMERICA'S SWEETHEARTS: Dallas Cowboys Cheerleaders,Season 2,252257.0,AMERICA'S SWEETHEARTS: Dallas Cowboys Cheerleaders,8.4,Returning Series,Netflix,Documentary,Documentary,2025-06-18,inferred
2025-06-23,2025-06-29,4,"Raw: 2025 - June 23, 2025",1,2600000,1:52,5200000,Raw,"2025 - June 23, 2025",4656.0,Raw,6.8,Returning Series,USA Network | Spike | Netflix | The New TNN,Scripted,Reality,,inferred
2025-06-23,2025-06-29,5,Dept. Q: Season 1,6,2600000,8:16,21500000,Dept. Q,Season 1,245703.0,Dept. Q,7.882,Returning Series,Netflix,Scripted,Drama | Crime | Mystery,2025-05-29,inferred
2025-06-23,2025-06-29,6,Sirens: Limited Series,8,2500000,4:44,11900000,Sirens,Limited Series,246992.0,Sirens,6.662,Ended,Netflix,Miniseries,Drama | Comedy,2025-05-22,defaulted
2025-06-23,2025-06-29,7,Ms. Rachel: Season 1,25,2100000,3:02,6400000,Ms. Rachel,Season 1,282238.0,Ms. Rachel,6.5,Returning Series,Netflix,Scripted,Kids,2025-01-27,inferred
2025-06-23,2025-06-29,8,Ginny & Georgia: Season 2,11,1900000,9:47,18100000,Ginny & Georgia,Season 2,117581.0,Ginny & Georgia,8.0,Returning Series,Netflix,Scripted,Comedy | Drama,2023-01-05,inferred
2025-06-23,2025-06-29,9,FUBAR: Season 2,3,1800000,6:27,11800000,FUBAR,Season 2,221300.0,FUBAR,6.613,Canceled,Netflix,Scripted,Action & Adventure | Drama | Comedy,2025-06-12,inferred
2025-06-23,2025-06-29,10,Ginny & Georgia: Season 1,10,1800000,9:08,16000000,Ginny & Georgia,Season 1,117581.0,Ginny & Georgia,8.0,Returning Series,Netflix,Scripted,Comedy | Drama,2021-02-23,inferred
2025-06-30,2025-07-06,1,The Waterfront: Season 1,5,5600000,6:25,36000000,The Waterfront,Season 1,254544.0,The Waterfront,7.1,Canceled,Netflix,Scripted,Drama | Crime,2025-06-19,inferred
2025-06-30,2025-07-06,2,The Sandman: Season 2,5,5300000,5:20,28200000,The Sandman,Season 2,90802.0,The Sandman,7.873,Ended,Netflix,Scripted,Sci-Fi & Fantasy | Drama | Action & Adventure,,inferred
2025-06-30,2025-07-06,3,Attack on London: Hunting The 7/7 Bombers: Limited Series,1,4700000,3:02,14300000,Attack on London: Hunting The 7/7 Bombers,Limited Series,262277.0,Attack on London: Hunting the 7/7 Bombers,7.9,Ended,Netflix,Miniseries,Documentary | Crime,2025-07-01,defaulted
2025-06-30,2025-07-06,4,Ginny & Georgia: Season 3,6,3300000,10:34,34400000,Ginny & Georgia,Season 3,117581.0,Ginny & Georgia,8.0,Returning Series,Netflix,Scripted,Comedy | Drama,2025-06-04,inferred
2025-06-30,2025-07-06,5,"Raw: 2025 - June 30, 2025",1,2500000,1:48,4600000,Raw,"2025 - June 30, 2025",4656.0,Raw,6.8,Returning Series,USA Network | Spike | Netflix | The New TNN,Scripted,Reality,,inferred
2025-06-30,2025-07-06,6,Ms. Rachel: Season 1,25,2000000,3:02,6200000,Ms. Rachel,Season 1,282238.0,Ms. Rachel,6.5,Returning Series,Netflix,Scripted,Kids,2025-01-27,inferred
2025-06-30,2025-07-06,7,Sirens: Limited Series,8,1800000,4:44,8500000,Sirens,Limited Series,246992.0,Sirens,6.662,Ended,Netflix,Miniseries,Drama | Comedy,2025-05-22,defaulted
2025-06-30,2025-07-06,8,Dept. Q: Season 1,6,1800000,8:16,14600000,Dept. Q,Season 1,245703.0,Dept. Q,7.882,Returning Series,Netflix,Scripted,Drama | Crime | Mystery,2025-05-29,inferred
2025-06-30,2025-07-06,9,The Sandman: Season 1,9,1700000,9:09,15900000,The Sandman,Season 1,90802.0,The Sandman,7.873,Ended,Netflix,Scripted,Sci-Fi & Fantasy | Drama | Action & Adventure,2022-08-05,inferred
2025-06-30,2025-07-06,10,The Survivors: Limited Series,4,1500000,4:58,7300000,The Survivors,Limited Series,284605.0,The Survivors,6.606,Ended,Netflix,Miniseries,Drama | Mystery,2025-06-06,defaulted
2025-07-07,2025-07-13,1,The Sandman: Season 2,5,5900000,5:20,31500000,The Sandman,Season 2,90802.0,The Sandman,7.873,Ended,Netflix,Scripted,Sci-Fi & Fantasy | Drama | Action & Adventure,,inferred
2025-07-07,2025-07-13,2,The Waterfront: Season 1,5,3600000,6:25,22900000,The Waterfront,Season 1,254544.0,The Waterfront,7.1,Canceled,Netflix,Scripted,Drama | Crime,2025-06-19,inferred
2025-07-07,2025-07-13,3,Sullivan's Crossing: Season 1,3,3000000,7:21,22100000,Sullivan's Crossing,Season 1,211564.0,Sullivan's Crossing,8.2,Returning Series,CTV,Scripted,Drama,2023-03-19,inferred
2025-07-07,2025-07-13,4,7 Bears: Limited Series,3,2900000,4:36,13300000,7 Bears,Limited Series,231728.0,7 Bears,10.0,Ended,Netflix,Miniseries,Animation | Kids,2025-07-10,defaulted
2025-07-07,2025-07-13,5,Katie Taylor vs. Amanda Serrano 3,1,2800000,varies,9400000,Katie Taylor vs. Amanda Serrano,Season 3,967841.0,Katie Taylor vs. Amanda Serrano,0.0,Released,,Movie,Action,2022-04-30,movie
2025-07-07,2025-07-13,6,"Raw: 2025 - July 7, 2025",1,2600000,1:51,5100000,Raw,"2025 - July 7, 2025",4656.0,Raw,6.8,Returning Series,USA Network | Spike | Netflix | The New TNN,Scripted,Reality,,inferred
2025-07-07,2025-07-13,7,The Sandman: Season 1,9,2400000,9:09,22400000,The Sandman,Season 1,90802.0,The Sandman,7.873,Ended,Netflix,Scripted,Sci-Fi & Fantasy | Drama | Action & Adventure,2022-08-05,inferred
2025-07-07,2025-07-13,8,Ginny & Georgia: Season 3,6,2300000,10:34,24700000,Ginny & Georgia,Season 3,117581.0,Ginny & Georgia,8.0,Returning Series,Netflix,Scripted,Comedy | Drama,2025-06-04,inferred
2025-07-07,2025-07-13,9,1923: Season 1,1,2200000,7:47,17300000,1923,Season 1,157744.0,1923,8.226,Ended,Paramount+,Scripted,Drama | Western,2022-12-18,inferred
2025-07-07,2025-07-13,10,Ms. Rachel: Season 1,25,2000000,3:02,6200000,Ms. Rachel,Season 1,282238.0,Ms. Rachel,6.5,Returning Series,Netflix,Scripted,Kids,2025-01-27,inferred
2025-07-14,2025-07-20,1,UNTAMED: Season 1,7,24600000,4:52,119500000,UNTAMED,Season 1,248852.0,UNTAMED,7.213,Returning Series,Netflix,Scripted,Mystery | Drama,2025-07-17,inferred
2025-07-14,2025-07-20,2,Amy Bradley Is Missing: Season 1,4,12200000,2:13,27100000,Amy Bradley Is Missing,Season 1,294726.0,Amy Bradley Is Missing,6.911,Ended,Netflix,Miniseries,Documentary | Crime | Mystery,2025-07-16,inferred
2025-07-14,2025-07-20,3,The Sandman: Season 2,5,3300000,5:20,17800000,The Sandman,Season 2,90802.0,The Sandman,7.873,Ended,Netflix,Scripted,Sci-Fi & Fantasy | Drama | Action & Adventure,,inferred
2025-07-14,2025-07-20,4,7 Bears: Limited Series,3,3300000,4:36,15300000,7 Bears,Limited Series,231728.0,7 Bears,10.0,Ended,Netflix,Miniseries,Animation | Kids,2025-07-10,defaulted
2025-07-14,2025-07-20,5,"Raw: 2025 - July 14, 2025",1,2700000,1:55,5400000,Raw,"2025 - July 14, 2025",4656.0,Raw,6.8,Returning Series,USA Network | Spike | Netflix | The New TNN,Scripted,Reality,,inferred
2025-07-14,2025-07-20,6,Sullivan's Crossing: Season 1,3,2200000,7:21,16300000,Sullivan's Crossing,Season 1,211564.0,Sullivan's Crossing,8.2,Returning Series,CTV,Scripted,Drama,2023-03-19,inferred
2025-07-14,2025-07-20,7,The Waterfront: Season 1,5,2100000,6:25,13600000,The Waterfront,Season 1,254544.0,The Waterfront,7.1,Canceled,Netflix,Scripted,Drama | Crime,2025-06-19,inferred
2025-07-14,2025-07-20,8,Ms. Rachel: Season 1,25,2100000,3:02,6300000,Ms. Rachel,Season 1,282238.0,Ms. Rachel,6.5,Returning Series,Netflix,Scripted,Kids,2025-01-27,inferred
2025-07-14,2025-07-20,9,Sullivan's Crossing: Season 2,1,1900000,7:20,14000000,Sullivan's Crossing,Season 2,211564.0,Sullivan's Crossing,8.2,Returning Series,CTV,Scripted,Drama,2024-04-14,inferred
2025-07-14,2025-07-20,10,Too Much: Season 1,1,1900000,6:45,12500000,Too Much,Season 1,241361.0,Too Much,5.5,Canceled,Netflix,Scripted,Comedy | Drama,2025-07-10,inferred
2025-07-21,2025-07-27,1,UNTAMED: Season 1,7,26100000,4:52,127100000,UNTAMED,Season 1,248852.0,UNTAMED,7.213,Returning Series,Netflix,Scripted,Mystery | Drama,2025-07-17,inferred
2025-07-21,2025-07-27,2,Amy Bradley Is Missing: Season 1,4,10200000,2:13,22500000,Amy Bradley Is Missing,Season 1,294726.0,Amy Bradley Is Missing,6.911,Ended,Netflix,Miniseries,Documentary | Crime | Mystery,2025-07-16,inferred
2025-07-21,2025-07-27,3,The Hunting Wives: Season 1,5,5200000,6:41,34600000,The Hunting Wives,Season 1,244447.0,The Hunting Wives,6.762,Returning Series,Netflix,Scripted,Drama | Mystery,2025-07-21,inferred
2025-07-21,2025-07-27,4,The Sandman: Season 2,5,3300000,9:49,32600000,The Sandman,Season 2,90802.0,The Sandman,7.873,Ended,Netflix,Scripted,Sci-Fi & Fantasy | Drama | Action & Adventure,,inferred
2025-07-21,2025-07-27,5,"Raw: 2025 - July 21, 2025",1,2700000,2:01,5700000,Raw,"2025 - July 21, 2025",4656.0,Raw,6.8,Returning Series,USA Network | Spike | Netflix | The New TNN,Scripted,Reality,,inferred
2025-07-21,2025-07-27,6,Ms. Rachel: Season 1,25,2000000,3:02,6200000,Ms. Rachel,Season 1,282238.0,Ms. Rachel,6.5,Returning Series,Netflix,Scripted,Kids,2025-01-27,inferred
2025-07-21,2025-07-27,7,Critical: Between Life and Death: Season 1,1,2000000,4:41,9300000,Critical: Between Life and Death,Season 1,259207.0,Critical: Between Life and Death,6.9,Ended,Netflix,Reality,Documentary,2025-07-23,inferred
2025-07-21,2025-07-27,8,Sirens: Limited Series,8,1800000,4:44,8500000,Sirens,Limited Series,246992.0,Sirens,6.662,Ended,Netflix,Miniseries,Drama | Comedy,2025-05-22,defaulted
2025-07-21,2025-07-27,9,Building The Band: Season 1,1,1600000,9:16,14700000,Building The Band,Season 1,261887.0,Building the Band,7.4,Returning Series,Netflix,Reality,Reality,2025-07-09,inferred
2025-07-21,2025-07-27,10,7 Bears: Limited Series,3,1600000,4:36,7200000,7 Bears,Limited Series,231728.0,7 Bears,10.0,Ended,Netflix,Miniseries,Animation | Kids,2025-07-10,defaulted
2025-07-28,2025-08-03,1,UNTAMED: Season 1,7,12200000,4:52,59600000,UNTAMED,Season 1,248852.0,UNTAMED,7.213,Returning Series,Netflix,Scripted,Mystery | Drama,2025-07-17,inferred
2025-07-28,2025-08-03,2,The Hunting Wives: Season 1,5,5800000,6:41,38500000,The Hunting Wives,Season 1,244447.0,The Hunting Wives,6.762,Returning Series,Netflix,Scripted,Drama | Mystery,2025-07-21,inferred
2025-07-28,2025-08-03,3,Amy Bradley Is Missing: Season 1,4,4200000,2:13,9300000,Amy Bradley Is Missing,Season 1,294726.0,Amy Bradley Is Missing,6.911,Ended,Netflix,Miniseries,Documentary | Crime | Mystery,2025-07-16,inferred
2025-07-28,2025-08-03,4,Conversations with a Killer: The Son of Sam Tapes: Season 1,2,3400000,2:54,9900000,Conversations with a Killer: The Son of Sam Tapes,Season 1,294611.0,Conversations with a Killer: The Son of Sam Tapes,6.9,Ended,Netflix,Miniseries,Documentary | Crime,2025-07-30,inferred
2025-07-28,2025-08-03,5,The Sandman: Season 2,5,2800000,10:47,29800000,The Sandman,Season 2,90802.0,The Sandman,7.873,Ended,Netflix,Scripted,Sci-Fi & Fantasy | Drama | Action & Adventure,,inferred
2025-07-28,2025-08-03,6,Wednesday: Season 1,28,2700000,6:49,18300000,Wednesday,Season 1,119051.0,Wednesday,8.349,Returning Series,Netflix,Scripted,Sci-Fi & Fantasy | Mystery | Comedy,2022-11-23,inferred
2025-07-28,2025-08-03,7,Leanne: Season 1,2,2700000,5:35,14900000,Leanne,Season 1,252751.0,Leanne,7.4,Returning Series,Netflix,Scripted,Comedy,2025-07-31,inferred
2025-07-28,2025-08-03,8,"Raw: 2025 - July 28, 2025",1,2700000,1:59,5500000,Raw,"2025 - July 28, 2025",4656.0,Raw,6.8,Returning Series,USA Network | Spike | Netflix | The New TNN,Scripted,Reality,,inferred
2025-07-28,2025-08-03,9,WWE: Unreal: Season 1,1,2300000,4:41,10700000,WWE: Unreal,Season 1,289485.0,WWE: Unreal,7.778,Returning Series,Netflix,Documentary,Documentary,2025-07-29,inferred
2025-07-28,2025-08-03,10,Ms. Rachel: Season 1,25,2100000,3:02,6300000,Ms. Rachel,Season 1,282238.0,Ms. Rachel,6.5,Returning Series,Netflix,Scripted,Kids,2025-01-27,inferred
2025-08-04,2025-08-10,1,Wednesday: Season 2,11,50000000,4:02,201600000,Wednesday,Season 2,119051.0,Wednesday,8.349,Returning Series,Netflix,Scripted,Sci-Fi & Fantasy | Mystery | Comedy,2025-08-06,inferred
2025-08-04,2025-08-10,2,Wednesday: Season 1,28,8600000,6:49,58500000,Wednesday,Season 1,119051.0,Wednesday,8.349,Returning Series,Netflix,Scripted,Sci-Fi & Fantasy | Mystery | Comedy,2022-11-23,inferred
2025-08-04,2025-08-10,3,UNTAMED: Season 1,7,7200000,4:52,34900000,UNTAMED,Season 1,248852.0,UNTAMED,7.213,Returning Series,Netflix,Scripted,Mystery | Drama,2025-07-17,inferred
2025-08-04,2025-08-10,4,The Hunting Wives: Season 1,5,4700000,6:41,31300000,The Hunting Wives,Season 1,244447.0,The Hunting Wives,6.762,Returning Series,Netflix,Scripted,Drama | Mystery,2025-07-21,inferred
2025-08-04,2025-08-10,5,"Raw: 2025 - August 4, 2025",1,3000000,1:59,6100000,Raw,"2025 - August 4, 2025",4656.0,Raw,6.8,Returning Series,USA Network | Spike | Netflix | The New TNN,Scripted,Reality,,inferred
2025-08-04,2025-08-10,6,Leanne: Season 1,2,2800000,5:35,15800000,Leanne,Season 1,252751.0,Leanne,7.4,Returning Series,Netflix,Scripted,Comedy,2025-07-31,inferred
2025-08-04,2025-08-10,7,Perfect Match: Season 3,1,2800000,8:06,22800000,Perfect Match,Season 3,254821.0,Perfect Match,8.097,Ended,Mango TV,Scripted,Drama,,inferred
2025-08-04,2025-08-10,8,Amy Bradley Is Missing: Season 1,4,2400000,2:13,5400000,Amy Bradley Is Missing,Season 1,294726.0,Amy Bradley Is Missing,6.911,Ended,Netflix,Miniseries,Documentary | Crime | Mystery,2025-07-16,inferred
2025-08-04,2025-08-10,9,Ms. Rachel: Season 1,25,2000000,3:02,6200000,Ms. Rachel,Season 1,282238.0,Ms. Rachel,6.5,Returning Series,Netflix,Scripted,Kids,2025-01-27,inferred
2025-08-04,2025-08-10,10,Conversations with a Killer: The Son of Sam Tapes: Season 1,2,1700000,2:54,5000000,Conversations with a Killer: The Son of Sam Tapes,Season 1,294611.0,Conversations with a Killer: The Son of Sam Tapes,6.9,Ended,Netflix,Miniseries,Documentary | Crime,2025-07-30,inferred
2025-08-11,2025-08-17,1,Wednesday: Season 2,11,29100000,4:02,117300000,Wednesday,Season 2,119051.0,Wednesday,8.349,Returning Series,Netflix,Scripted,Sci-Fi & Fantasy | Mystery | Comedy,2025-08-06,inferred
2025-08-11,2025-08-17,2,Fit for TV: The Reality of the Biggest Loser: Season 1,3,7500000,2:06,15700000,Fit for TV: The Reality of the Biggest Loser,Season 1,296549.0,Fit for TV: The Reality of the Biggest Loser,5.8,Ended,Netflix,Miniseries,Documentary,2025-08-15,inferred
2025-08-11,2025-08-17,3,Wednesday: Season 1,28,7400000,6:49,50600000,Wednesday,Season 1,119051.0,Wednesday,8.349,Returning Series,Netflix,Scripted,Sci-Fi & Fantasy | Mystery | Comedy,2022-11-23,inferred
2025-08-11,2025-08-17,4,UNTAMED: Season 1,7,4900000,4:52,24000000,UNTAMED,Season 1,248852.0,UNTAMED,7.213,Returning Series,Netflix,Scripted,Mystery | Drama,2025-07-17,inferred
2025-08-11,2025-08-17,5,The Hunting Wives: Season 1,5,3000000,6:41,20200000,The Hunting Wives,Season 1,244447.0,The Hunting Wives,6.762,Returning Series,Netflix,Scripted,Drama | Mystery,2025-07-21,inferred
2025-08-11,2025-08-17,6,Sullivan's Crossing: Season 3,1,2800000,7:20,20600000,Sullivan's Crossing,Season 3,211564.0,Sullivan's Crossing,8.2,Returning Series,CTV,Scripted,Drama,2025-04-27,inferred
2025-08-11,2025-08-17,7,"Raw: 2025 - August 11, 2025",1,2800000,1:51,5300000,Raw,"2025 - August 11, 2025",4656.0,Raw,6.8,Returning Series,USA Network | Spike | Netflix | The New TNN,Scripted,Reality,,inferred
2025-08-11,2025-08-17,8,Love Is Blind: UK: Season 2,2,2600000,4:13,10900000,Love Is Blind: UK,Season 2,237316.0,Love Is Blind: UK,6.5,Returning Series,Netflix,Reality,Reality,2025-08-13,inferred
2025-08-11,2025-08-17,9,Jim Jefferies: Two Limb Policy,1,2100000,1:03,2200000,Jim Jefferies: Two Limb Policy,,1517042.0,Jim Jefferies: Two Limb Policy,6.611,Released,,Movie,Comedy,2025-08-11,movie
2025-08-11,2025-08-17,10,Ms. Rachel: Season 1,25,2000000,3:02,6200000,Ms. Rachel,Season 1,282238.0,Ms. Rachel,6.5,Returning Series,Netflix,Scripted,Kids,2025-01-27,inferred
2025-08-18,2025-08-24,1,Wednesday: Season 2,11,13400000,4:02,54000000,Wednesday,Season 2,119051.0,Wednesday,8.349,Returning Series,Netflix,Scripted,Sci-Fi & Fantasy | Mystery | Comedy,2025-08-06,inferred
2025-08-18,2025-08-24,2,Hostage: Limited Series,4,10800000,3:35,38600000,Hostage,Limited Series,248937.0,Hostage,6.732,Ended,Netflix,Miniseries,Drama | War & Politics,2025-08-21,defaulted
2025-08-18,2025-08-24,3,Fit for TV: The Reality of the Biggest Loser: Season 1,3,8500000,2:06,17900000,Fit for TV: The Reality of the Biggest Loser,Season 1,296549.0,Fit for TV: The Reality of the Biggest Loser,5.8,Ended,Netflix,Miniseries,Documentary,2025-08-15,inferred
2025-08-18,2025-08-24,4,Wednesday: Season 1,28,4000000,6:49,27100000,Wednesday,Season 1,119051.0,Wednesday,8.349,Returning Series,Netflix,Scripted,Sci-Fi & Fantasy | Mystery | Comedy,2022-11-23,inferred
2025-08-18,2025-08-24,5,UNTAMED: Season 1,7,3200000,4:52,15600000,UNTAMED,Season 1,248852.0,UNTAMED,7.213,Returning Series,Netflix,Scripted,Mystery | Drama,2025-07-17,inferred
2025-08-18,2025-08-24,6,Love Is Blind: UK: Season 2,2,3000000,7:38,22800000,Love Is Blind: UK,Season 2,237316.0,Love Is Blind: UK,6.5,Returning Series,Netflix,Reality,Reality,2025-08-13,inferred
2025-08-18,2025-08-24,7,"Raw: 2025 - August 18, 2025",1,2800000,1:49,5400000,Raw,"2025 - August 18, 2025",4656.0,Raw,6.8,Returning Series,USA Network | Spike | Netflix | The New TNN,Scripted,Reality,,inferred
2025-08-18,2025-08-24,8,Ms. Rachel: Season 1,25,2100000,3:02,6500000,Ms. Rachel,Season 1,282238.0,Ms. Rachel,6.5,Returning Series,Netflix,Scripted,Kids,2025-01-27,inferred
2025-08-18,2025-08-24,9,America's Team: The Gambler and His Cowboys: Season 1,1,1900000,7:48,15200000,America's Team: The Gambler and His Cowboys,Season 1,279942.0,America's Team: The Gambler and His Cowboys,7.0,Ended,Netflix,Miniseries,Documentary,2025-08-19,inferred
2025-08-18,2025-08-24,10,The Hunting Wives: Season 1,5,1900000,6:41,12800000,The Hunting Wives,Season 1,244447.0,The Hunting Wives,6.762,Returning Series,Netflix,Scripted,Drama | Mystery,2025-07-21,inferred
2025-08-25,2025-08-31,1,My Life With the Walter Boys: Season 2,5,11800000,7:27,88000000,My Life With the Walter Boys,Season 2,199001.0,My Life with the Walter Boys,7.734,Returning Series,Netflix,Scripted,Drama,2025-08-28,inferred
2025-08-25,2025-08-31,2,Hostage: Limited Series,4,11600000,3:35,41500000,Hostage,Limited Series,248937.0,Hostage,6.732,Ended,Netflix,Miniseries,Drama | War & Politics,2025-08-21,defaulted
2025-08-25,2025-08-31,3,Wednesday: Season 2,11,8400000,4:02,33800000,Wednesday,Season 2,119051.0,Wednesday,8.349,Returning Series,Netflix,Scripted,Sci-Fi & Fantasy | Mystery | Comedy,2025-08-06,inferred
2025-08-25,2025-08-31,4,Katrina: Come Hell and High Water: Season 1,2,7300000,3:33,26000000,Katrina: Come Hell and High Water,Season 1,283354.0,Katrina: Come Hell and High Water,6.306,Ended,Netflix,Miniseries,Documentary,2025-08-27,inferred
2025-08-25,2025-08-31,5,Wednesday: Season 1,28,2900000,6:49,19900000,Wednesday,Season 1,119051.0,Wednesday,8.349,Returning Series,Netflix,Scripted,Sci-Fi & Fantasy | Mystery | Comedy,2022-11-23,inferred
2025-08-25,2025-08-31,6,"Raw: 2025 - August 25, 2025",1,2600000,1:56,5000000,Raw,"2025 - August 25, 2025",4656.0,Raw,6.8,Returning Series,USA Network | Spike | Netflix | The New TNN,Scripted,Reality,,inferred
2025-08-25,2025-08-31,7,My Life With the Walter Boys: Season 1,10,2500000,7:37,19400000,My Life With the Walter Boys,Season 1,199001.0,My Life with the Walter Boys,7.734,Returning Series,Netflix,Scripted,Drama,2023-12-07,inferred
2025-08-25,2025-08-31,8,Fit for TV: The Reality of the Biggest Loser: Season 1,3,2500000,2:06,5300000,Fit for TV: The Reality of the Biggest Loser,Season 1,296549.0,Fit for TV: The Reality of the Biggest Loser,5.8,Ended,Netflix,Miniseries,Documentary,2025-08-15,inferred
2025-08-25,2025-08-31,9,Ms. Rachel: Season 1,25,2200000,3:02,6600000,Ms. Rachel,Season 1,282238.0,Ms. Rachel,6.5,Returning Series,Netflix,Scripted,Kids,2025-01-27,inferred
2025-08-25,2025-08-31,10,UNTAMED: Season 1,7,2100000,4:52,10400000,UNTAMED,Season 1,248852.0,UNTAMED,7.213,Returning Series,Netflix,Scripted,Mystery | Drama,2025-07-17,inferred
2025-09-01,2025-09-07,1,Wednesday: Season 2,11,28200000,7:47,219200000,Wednesday,Season 2,119051.0,Wednesday,8.349,Returning Series,Netflix,Scripted,Sci-Fi & Fantasy | Mystery | Comedy,2025-08-06,inferred
2025-09-01,2025-09-07,2,My Life With the Walter Boys: Season 2,5,10900000,7:27,81400000,My Life With the Walter Boys,Season 2,199001.0,My Life with the Walter Boys,7.734,Returning Series,Netflix,Scripted,Drama,2025-08-28,inferred
2025-09-01,2025-09-07,3,Hostage: Limited Series,4,5500000,3:35,19700000,Hostage,Limited Series,248937.0,Hostage,6.732,Ended,Netflix,Miniseries,Drama | War & Politics,2025-08-21,defaulted
2025-09-01,2025-09-07,4,Katrina: Come Hell and High Water: Season 1,2,3800000,3:33,13600000,Katrina: Come Hell and High Water,Season 1,283354.0,Katrina: Come Hell and High Water,6.306,Ended,Netflix,Miniseries,Documentary,2025-08-27,inferred
2025-09-01,2025-09-07,5,My Life With the Walter Boys: Season 1,10,3500000,7:37,26900000,My Life With the Walter Boys,Season 1,199001.0,My Life with the Walter Boys,7.734,Returning Series,Netflix,Scripted,Drama,2023-12-07,inferred
2025-09-01,2025-09-07,6,Wednesday: Season 1,28,3400000,6:49,23500000,Wednesday,Season 1,119051.0,Wednesday,8.349,Returning Series,Netflix,Scripted,Sci-Fi & Fantasy | Mystery | Comedy,2022-11-23,inferred
2025-09-01,2025-09-07,7,Love Con Revenge: Season 1,2,3000000,4:11,12400000,Love Con Revenge,Season 1,297791.0,Love Con Revenge,6.8,Returning Series,Netflix,Documentary,Crime | Documentary,2025-09-05,inferred
2025-09-01,2025-09-07,8,"Raw: 2025 - September 1, 2025",1,2400000,2:06,5200000,Raw,"2025 - September 1, 2025",4656.0,Raw,6.8,Returning Series,USA Network | Spike | Netflix | The New TNN,Scripted,Reality,,inferred
2025-09-01,2025-09-07,9,The Great British Baking Show: Collection 13,1,1900000,1:08,2200000,The Great British Baking Show,Collection 13,34549.0,The Great British Bake Off,7.51,Canceled,BBC One | BBC Two,Reality,Reality,,inferred
2025-09-01,2025-09-07,10,Ms. Rachel: Season 2,1,1800000,3:02,5500000,Ms. Rachel,Season 2,282238.0,Ms. Rachel,6.5,Returning Series,Netflix,Scripted,Kids,2025-09-01,inferred
2025-09-08,2025-09-14,1,Canelo Álvarez vs. Terence Crawford,1,17700000,varies,69600000,Canelo Álvarez vs. Terence Crawford,,299286.0,Countdown: Canelo vs. Crawford,7.2,Ended,Netflix,Miniseries,Documentary,2025-09-04,defaulted
2025-09-08,2025-09-14,2,Wednesday: Season 2,11,15000000,7:47,116400000,Wednesday,Season 2,119051.0,Wednesday,8.349,Returning Series,Netflix,Scripted,Sci-Fi & Fantasy | Mystery | Comedy,2025-08-06,inferred
2025-09-08,2025-09-14,3,Beauty in Black: Season 2,6,8700000,6:56,60000000,Beauty in Black,Season 2,246246.0,Beauty in Black,7.723,Returning Series,Netflix,Scripted,Drama,2025-09-10,inferred
2025-09-08,2025-09-14,4,My Life With the Walter Boys: Season 2,5,5200000,7:27,38700000,My Life With the Walter Boys,Season 2,199001.0,My Life with the Walter Boys,7.734,Returning Series,Netflix,Scripted,Drama,2025-08-28,inferred
2025-09-08,2025-09-14,5,Love Con Revenge: Season 1,2,4100000,4:11,17200000,Love Con Revenge,Season 1,297791.0,Love Con Revenge,6.8,Returning Series,Netflix,Documentary,Crime | Documentary,2025-09-05,inferred
2025-09-08,2025-09-14,6,Wednesday: Season 1,28,3600000,6:49,24400000,Wednesday,Season 1,119051.0,Wednesday,8.349,Returning Series,Netflix,Scripted,Sci-Fi & Fantasy | Mystery | Comedy,2022-11-23,inferred
2025-09-08,2025-09-14,7,Hostage: Limited Series,4,3000000,3:35,10600000,Hostage,Limited Series,248937.0,Hostage,6.732,Ended,Netflix,Miniseries,Drama | War & Politics,2025-08-21,defaulted
2025-09-08,2025-09-14,8,"Raw: 2025 - September 8, 2025",1,2600000,1:48,5100000,Raw,"2025 - September 8, 2025",4656.0,Raw,6.8,Returning Series,USA Network | Spike | Netflix | The New TNN,Scripted,Reality,,inferred
2025-09-08,2025-09-14,9,Beauty and the Bester: Limited Series,2,2500000,2:15,5600000,Beauty and the Bester,Limited Series,298867.0,Beauty and the Bester,7.4,Ended,Netflix,Miniseries,Documentary | Crime,2025-09-12,defaulted
2025-09-08,2025-09-14,10,"Dr. Seuss’s Red Fish, Blue Fish: Season 1",1,2000000,2:18,4500000,"Dr. Seuss’s Red Fish, Blue Fish",Season 1,293703.0,"Dr. Seuss's Red Fish, Blue Fish",6.0,Returning Series,Netflix,Scripted,Animation | Kids,2025-09-08,inferred
2025-09-15,2025-09-21,1,Wednesday: Season 2,11,7200000,7:47,56200000,Wednesday,Season 2,119051.0,Wednesday,8.349,Returning Series,Netflix,Scripted,Sci-Fi & Fantasy | Mystery | Comedy,2025-08-06,inferred
2025-09-15,2025-09-21,2,Black Rabbit: Limited Series,3,6600000,7:36,50500000,Black Rabbit,Limited Series,249039.0,Black Rabbit,6.978,Ended,Netflix,Miniseries,Drama | Crime,2025-09-18,defaulted
2025-09-15,2025-09-21,3,Beauty in Black: Season 2,6,6600000,6:56,46000000,Beauty in Black,Season 2,246246.0,Beauty in Black,7.723,Returning Series,Netflix,Scripted,Drama,2025-09-10,inferred
2025-09-15,2025-09-21,4,Beauty and the Bester: Limited Series,2,3800000,2:15,8600000,Beauty and the Bester,Limited Series,298867.0,Beauty and the Bester,7.4,Ended,Netflix,Miniseries,Documentary | Crime,2025-09-12,defaulted
2025-09-15,2025-09-21,5,Adolescence: Limited Series,10,3600000,3:50,13700000,Adolescence,Limited Series,249042.0,Adolescence,7.9,Ended,Netflix,Miniseries,Drama | Crime,2025-03-13,defaulted
2025-09-15,2025-09-21,6,My Life With the Walter Boys: Season 2,5,3000000,7:27,22400000,My Life With the Walter Boys,Season 2,199001.0,My Life with the Walter Boys,7.734,Returning Series,Netflix,Scripted,Drama,2025-08-28,inferred
2025-09-15,2025-09-21,7,"Raw: 2025 - September 15, 2025",1,2600000,1:58,5300000,Raw,"2025 - September 15, 2025",4656.0,Raw,6.8,Returning Series,USA Network | Spike | Netflix | The New TNN,Scripted,Reality,,inferred
2025-09-15,2025-09-21,8,Beauty in Black: Season 1,7,2300000,12:36,28800000,Beauty in Black,Season 1,246246.0,Beauty in Black,7.723,Returning Series,Netflix,Scripted,Drama,2024-10-24,inferred
2025-09-15,2025-09-21,9,Wednesday: Season 1,28,2100000,6:49,14500000,Wednesday,Season 1,119051.0,Wednesday,8.349,Returning Series,Netflix,Scripted,Sci-Fi & Fantasy | Mystery | Comedy,2022-11-23,inferred
2025-09-15,2025-09-21,10,Haunted Hotel: Season 1,2,1800000,4:14,7500000,Haunted Hotel,Season 1,255752.0,Haunted Hotel,7.97,Returning Series,Netflix,Scripted,Animation | Comedy,2025-09-19,inferred
2025-09-22,2025-09-28,1,Wayward: Limited Series,5,8200000,5:56,48800000,Wayward,Limited Series,255859.0,Wayward,6.184,Ended,Netflix,Miniseries,Drama | Mystery,2025-09-25,defaulted
2025-09-22,2025-09-28,2,Black Rabbit: Limited Series,3,7000000,7:36,52900000,Black Rabbit,Limited Series,249039.0,Black Rabbit,6.978,Ended,Netflix,Miniseries,Drama | Crime,2025-09-18,defaulted
2025-09-22,2025-09-28,3,House of Guinness: Season 1,4,5200000,6:54,35700000,House of Guinness,Season 1,250988.0,House of Guinness,7.578,Returning Series,Netflix,Scripted,Drama,2025-09-25,inferred
2025-09-22,2025-09-28,4,Wednesday: Season 2,11,4400000,7:47,34200000,Wednesday,Season 2,119051.0,Wednesday,8.349,Returning Series,Netflix,Scripted,Sci-Fi & Fantasy | Mystery | Comedy,2025-08-06,inferred
2025-09-22,2025-09-28,5,Adolescence: Limited Series,10,3500000,3:50,13400000,Adolescence,Limited Series,249042.0,Adolescence,7.9,Ended,Netflix,Miniseries,Drama | Crime,2025-03-13,defaulted
2025-09-22,2025-09-28,6,Beauty in Black: Season 2,6,3100000,6:56,21200000,Beauty in Black,Season 2,246246.0,Beauty in Black,7.723,Returning Series,Netflix,Scripted,Drama,2025-09-10,inferred
2025-09-22,2025-09-28,7,Haunted Hotel: Season 1,2,2800000,4:14,11900000,Haunted Hotel,Season 1,255752.0,Haunted Hotel,7.97,Returning Series,Netflix,Scripted,Animation | Comedy,2025-09-19,inferred
2025-09-22,2025-09-28,8,"Raw: 2025 - September 22, 2025",1,2300000,1:55,4500000,Raw,"2025 - September 22, 2025",4656.0,Raw,6.8,Returning Series,USA Network | Spike | Netflix | The New TNN,Scripted,Reality,,inferred
2025-09-22,2025-09-28,9,My Life With the Walter Boys: Season 2,5,2000000,7:27,14900000,My Life With the Walter Boys,Season 2,199001.0,My Life with the Walter Boys,7.734,Returning Series,Netflix,Scripted,Drama,2025-08-28,inferred
2025-09-22,2025-09-28,10,Doc: Season 1,2,1900000,7:20,13600000,Doc,Season 1,10042.0,Doc,7.765,Ended,Pax TV,Scripted,Drama | Family,2001-03-11,inferred
2025-09-29,2025-10-05,1,Wayward: Limited Series,5,14100000,5:56,83700000,Wayward,Limited Series,255859.0,Wayward,6.184,Ended,Netflix,Miniseries,Drama | Mystery,2025-09-25,defaulted
2025-09-29,2025-10-05,2,Monster: The Ed Gein Story: Season 1,5,12200000,7:27,90600000,Monster: The Ed Gein Story,Season 1,286801.0,Monster: The Ed Gein Story,7.3,Ended,Netflix,Miniseries,Crime | Drama,2025-10-03,inferred
2025-09-29,2025-10-05,3,House of Guinness: Season 1,4,6400000,6:54,44400000,House of Guinness,Season 1,250988.0,House of Guinness,7.578,Returning Series,Netflix,Scripted,Drama,2025-09-25,inferred
2025-09-29,2025-10-05,4,Love Is Blind: S9: Denver,3,3700000,6:37,24400000,Love Is Blind,S9: Denver,99353.0,Love Is Blind,6.211,Returning Series,Netflix,Reality,Reality,2025-09-30,inferred
2025-09-29,2025-10-05,5,Black Rabbit: Limited Series,3,3300000,7:36,24700000,Black Rabbit,Limited Series,249039.0,Black Rabbit,6.978,Ended,Netflix,Miniseries,Drama | Crime,2025-09-18,defaulted
2025-09-29,2025-10-05,6,Wednesday: Season 2,11,3000000,7:47,23400000,Wednesday,Season 2,119051.0,Wednesday,8.349,Returning Series,Netflix,Scripted,Sci-Fi & Fantasy | Mystery | Comedy,2025-08-06,inferred
2025-09-29,2025-10-05,7,Dark Winds: Season 1,3,2800000,4:21,12200000,Dark Winds,Season 1,128904.0,Dark Winds,7.492,Returning Series,AMC,Scripted,Drama | Crime | Mystery,2022-06-12,inferred
2025-09-29,2025-10-05,8,"Raw: 2025 - September 29, 2025",1,2300000,1:53,4500000,Raw,"2025 - September 29, 2025",4656.0,Raw,6.8,Returning Series,USA Network | Spike | Netflix | The New TNN,Scripted,Reality,,inferred
2025-09-29,2025-10-05,9,Doc: Season 1,2,1700000,7:20,12300000,Doc,Season 1,10042.0,Doc,7.765,Ended,Pax TV,Scripted,Drama | Family,2001-03-11,inferred
2025-09-29,2025-10-05,10,Ms. Rachel: Season 1,25,1600000,3:02,4900000,Ms. Rachel,Season 1,282238.0,Ms. Rachel,6.5,Returning Series,Netflix,Scripted,Kids,2025-01-27,inferred
2025-10-06,2025-10-12,1,Monster: The Ed Gein Story: Season 1,5,20700000,7:27,154200000,Monster: The Ed Gein Story,Season 1,286801.0,Monster: The Ed Gein Story,7.3,Ended,Netflix,Miniseries,Crime | Drama,2025-10-03,inferred
2025-10-06,2025-10-12,2,Is It Cake? Halloween: Season 1,2,5700000,2:37,14800000,Is It Cake? Halloween,Season 1,300594.0,Is It Cake? Halloween,6.556,Returning Series,Netflix,Reality,Reality,2025-10-08,inferred
2025-10-06,2025-10-12,3,Victoria Beckham: Limited Series,2,5600000,2:25,13500000,Victoria Beckham,Limited Series,262281.0,Victoria Beckham,6.7,Ended,Netflix,Miniseries,Documentary,2025-10-09,defaulted
2025-10-06,2025-10-12,4,Wayward: Limited Series,5,5500000,5:56,32600000,Wayward,Limited Series,255859.0,Wayward,6.184,Ended,Netflix,Miniseries,Drama | Mystery,2025-09-25,defaulted
2025-10-06,2025-10-12,5,True Haunting: Season 1,1,5200000,3:00,15700000,True Haunting,Season 1,300999.0,True Haunting,6.19,Ended,Netflix,Documentary,Documentary | Mystery,2025-10-07,inferred
2025-10-06,2025-10-12,6,Boots: Season 1,4,4700000,5:51,27500000,Boots,Season 1,225647.0,Boots,7.948,Canceled,Netflix,Scripted,Comedy | Drama | War & Politics,2025-10-09,inferred
2025-10-06,2025-10-12,7,Love Is Blind: S9: Denver,3,4100000,9:17,38200000,Love Is Blind,S9: Denver,99353.0,Love Is Blind,6.211,Returning Series,Netflix,Reality,Reality,2025-09-30,inferred
2025-10-06,2025-10-12,8,House of Guinness: Season 1,4,3400000,6:54,23800000,House of Guinness,Season 1,250988.0,House of Guinness,7.578,Returning Series,Netflix,Scripted,Drama,2025-09-25,inferred
2025-10-06,2025-10-12,9,"Raw: 2025 - October 6, 2025",1,2400000,1:57,4800000,Raw,"2025 - October 6, 2025",4656.0,Raw,6.8,Returning Series,USA Network | Spike | Netflix | The New TNN,Scripted,Reality,,inferred
2025-10-06,2025-10-12,10,Wednesday: Season 2,11,2300000,7:47,17600000,Wednesday,Season 2,119051.0,Wednesday,8.349,Returning Series,Netflix,Scripted,Sci-Fi & Fantasy | Mystery | Comedy,2025-08-06,inferred
2025-10-13,2025-10-19,1,Monster: The Ed Gein Story: Season 1,5,9500000,7:27,70500000,Monster: The Ed Gein Story,Season 1,286801.0,Monster: The Ed Gein Story,7.3,Ended,Netflix,Miniseries,Crime | Drama,2025-10-03,inferred
2025-10-13,2025-10-19,2,Boots: Season 1,4,9400000,5:51,55200000,Boots,Season 1,225647.0,Boots,7.948,Canceled,Netflix,Scripted,Comedy | Drama | War & Politics,2025-10-09,inferred
2025-10-13,2025-10-19,3,The Diplomat: Season 3,3,4800000,6:29,31400000,The Diplomat,Season 3,203857.0,The Diplomat,7.552,Returning Series,Netflix,Scripted,Drama | War & Politics,2025-10-16,inferred
2025-10-13,2025-10-19,4,Victoria Beckham: Limited Series,2,3800000,2:25,9300000,Victoria Beckham,Limited Series,262281.0,Victoria Beckham,6.7,Ended,Netflix,Miniseries,Documentary,2025-10-09,defaulted
2025-10-13,2025-10-19,5,Wayward: Limited Series,5,3200000,5:56,18900000,Wayward,Limited Series,255859.0,Wayward,6.184,Ended,Netflix,Miniseries,Drama | Mystery,2025-09-25,defaulted
2025-10-13,2025-10-19,6,Is It Cake? Halloween: Season 1,2,2900000,2:37,7600000,Is It Cake? Halloween,Season 1,300594.0,Is It Cake? Halloween,6.556,Returning Series,Netflix,Reality,Reality,2025-10-08,inferred
2025-10-13,2025-10-19,7,Love Is Blind: S9: Denver,3,2700000,11:20,30700000,Love Is Blind,S9: Denver,99353.0,Love Is Blind,6.211,Returning Series,Netflix,Reality,Reality,2025-09-30,inferred
2025-10-13,2025-10-19,8,"Raw: 2025 - October 13, 2025",1,2400000,1:52,4600000,Raw,"2025 - October 13, 2025",4656.0,Raw,6.8,Returning Series,USA Network | Spike | Netflix | The New TNN,Scripted,Reality,,inferred
2025-10-13,2025-10-19,9,House of Guinness: Season 1,4,2100000,6:54,14700000,House of Guinness,Season 1,250988.0,House of Guinness,7.578,Returning Series,Netflix,Scripted,Drama,2025-09-25,inferred
2025-10-13,2025-10-19,10,Wednesday: Season 2,11,1900000,7:47,14400000,Wednesday,Season 2,119051.0,Wednesday,8.349,Returning Series,Netflix,Scripted,Sci-Fi & Fantasy | Mystery | Comedy,2025-08-06,inferred
2025-10-20,2025-10-26,1,Nobody Wants This: Season 2,4,8600000,4:26,38100000,Nobody Wants This,Season 2,250923.0,Nobody Wants This,7.335,Returning Series,Netflix,Scripted,Comedy | Drama,2025-10-23,inferred
2025-10-20,2025-10-26,2,The Diplomat: Season 3,3,6300000,6:29,40800000,The Diplomat,Season 3,203857.0,The Diplomat,7.552,Returning Series,Netflix,Scripted,Drama | War & Politics,2025-10-16,inferred
2025-10-20,2025-10-26,3,Boots: Season 1,4,5600000,5:51,32700000,Boots,Season 1,225647.0,Boots,7.948,Canceled,Netflix,Scripted,Comedy | Drama | War & Politics,2025-10-09,inferred
2025-10-20,2025-10-26,4,Monster: The Ed Gein Story: Season 1,5,5100000,7:27,38300000,Monster: The Ed Gein Story,Season 1,286801.0,Monster: The Ed Gein Story,7.3,Ended,Netflix,Miniseries,Crime | Drama,2025-10-03,inferred
2025-10-20,2025-10-26,5,Mob War: Philadelphia vs. The Mafia: Season 1,2,4800000,2:19,11200000,Mob War: Philadelphia vs. The Mafia,Season 1,301498.0,Mob War: Philadelphia vs. the Mafia,6.692,Ended,Netflix,Documentary,Documentary | Crime,2025-10-22,inferred
2025-10-20,2025-10-26,6,"Raw: 2025 - October 20, 2025",1,2600000,1:53,5100000,Raw,"2025 - October 20, 2025",4656.0,Raw,6.8,Returning Series,USA Network | Spike | Netflix | The New TNN,Scripted,Reality,,inferred
2025-10-20,2025-10-26,7,Wayward: Limited Series,5,2200000,5:56,13000000,Wayward,Limited Series,255859.0,Wayward,6.184,Ended,Netflix,Miniseries,Drama | Mystery,2025-09-25,defaulted
2025-10-20,2025-10-26,8,The Diplomat: Season 1,6,2000000,6:45,13800000,The Diplomat,Season 1,203857.0,The Diplomat,7.552,Returning Series,Netflix,Scripted,Drama | War & Politics,2023-04-20,inferred
2025-10-20,2025-10-26,9,Nobody Wants This: Season 1,8,2000000,4:25,8900000,Nobody Wants This,Season 1,250923.0,Nobody Wants This,7.335,Returning Series,Netflix,Scripted,Comedy | Drama,2024-09-26,inferred
2025-10-20,2025-10-26,10,Baby Shark Hospital Play: Season 1,1,1900000,1:34,2900000,Baby Shark Hospital Play,Season 1,290219.0,Baby Shark Hospital Play,0.0,Returning Series,,Scripted,,2022-11-04,inferred
2025-10-27,2025-11-02,1,Nobody Wants This: Season 2,4,9400000,4:26,41800000,Nobody Wants This,Season 2,250923.0,Nobody Wants This,7.335,Returning Series,Netflix,Scripted,Comedy | Drama,2025-10-23,inferred
2025-10-27,2025-11-02,2,The Witcher: Season 4,3,7400000,7:11,53200000,The Witcher,Season 4,71912.0,The Witcher,7.923,Returning Series,Netflix,Scripted,Drama | Action & Adventure,2025-10-30,inferred
2025-10-27,2025-11-02,3,Selling Sunset: Season 9,2,4200000,5:55,24600000,Selling Sunset,Season 9,87826.0,Selling Sunset,6.5,Returning Series,Netflix,Reality,Reality,2025-10-29,inferred
2025-10-27,2025-11-02,4,Boots: Season 1,4,3700000,5:51,21400000,Boots,Season 1,225647.0,Boots,7.948,Canceled,Netflix,Scripted,Comedy | Drama | War & Politics,2025-10-09,inferred
2025-10-27,2025-11-02,5,The Diplomat: Season 3,3,3200000,6:29,20700000,The Diplomat,Season 3,203857.0,The Diplomat,7.552,Returning Series,Netflix,Scripted,Drama | War & Politics,2025-10-16,inferred
2025-10-27,2025-11-02,6,Monster: The Ed Gein Story: Season 1,5,2800000,7:27,21200000,Monster: The Ed Gein Story,Season 1,286801.0,Monster: The Ed Gein Story,7.3,Ended,Netflix,Miniseries,Crime | Drama,2025-10-03,inferred
2025-10-27,2025-11-02,7,Nobody Wants This: Season 1,8,2400000,4:25,10700000,Nobody Wants This,Season 1,250923.0,Nobody Wants This,7.335,Returning Series,Netflix,Scripted,Comedy | Drama,2024-09-26,inferred
2025-10-27,2025-11-02,8,"Raw: 2025 - October 27, 2025",1,2300000,1:53,4600000,Raw,"2025 - October 27, 2025",4656.0,Raw,6.8,Returning Series,USA Network | Spike | Netflix | The New TNN,Scripted,Reality,,inferred
2025-10-27,2025-11-02,9,Mob War: Philadelphia vs. The Mafia: Season 1,2,1900000,2:19,4300000,Mob War: Philadelphia vs. The Mafia,Season 1,301498.0,Mob War: Philadelphia vs. the Mafia,6.692,Ended,Netflix,Documentary,Documentary | Crime,2025-10-22,inferred
2025-10-27,2025-11-02,10,Stranger Things: Season 1,22,1800000,6:49,12300000,Stranger Things,Season 1,66732.0,Stranger Things,8.567,Ended,Netflix,Scripted,Action & Adventure | Mystery | Sci-Fi & Fantasy,2016-07-13,inferred
2025-11-03,2025-11-09,1,The Witcher: Season 4,3,7400000,7:11,53400000,The Witcher,Season 4,71912.0,The Witcher,7.923,Returning Series,Netflix,Scripted,Drama | Action & Adventure,2025-10-30,inferred
2025-11-03,2025-11-09,2,Nobody Wants This: Season 2,4,4800000,4:26,21100000,Nobody Wants This,Season 2,250923.0,Nobody Wants This,7.335,Returning Series,Netflix,Scripted,Comedy | Drama,2025-10-23,inferred
2025-11-03,2025-11-09,3,Bad Influencer: Season 1,1,4000000,5:37,22200000,Bad Influencer,Season 1,302854.0,Bad Influencer,6.889,Returning Series,Netflix,Scripted,Drama | Crime,2025-10-31,inferred
2025-11-03,2025-11-09,4,Selling Sunset: Season 9,2,3600000,7:03,25600000,Selling Sunset,Season 9,87826.0,Selling Sunset,6.5,Returning Series,Netflix,Reality,Reality,2025-10-29,inferred
2025-11-03,2025-11-09,5,Death by Lightning: Limited Series,2,3200000,3:35,11600000,Death by Lightning,Limited Series,245219.0,Death by Lightning,7.381,Ended,Netflix,Miniseries,Drama | Crime,2025-11-06,defaulted
2025-11-03,2025-11-09,6,Squid Game: The Challenge: Season 2,2,3200000,3:34,11500000,Squid Game: The Challenge,Season 2,204082.0,Squid Game: The Challenge,6.5,Returning Series,Netflix,Reality,Reality,2025-11-04,inferred
2025-11-03,2025-11-09,7,Leanne Morgan: Unspeakable Things,1,3000000,1:05,3300000,Leanne Morgan: Unspeakable Things,,1567489.0,Leanne Morgan: Unspeakable Things,5.8,Released,,Movie,Comedy,2025-11-03,movie
2025-11-03,2025-11-09,8,Stranger Things: Season 1,22,2800000,6:49,19300000,Stranger Things,Season 1,66732.0,Stranger Things,8.567,Ended,Netflix,Scripted,Action & Adventure | Mystery | Sci-Fi & Fantasy,2016-07-13,inferred
2025-11-03,2025-11-09,9,"Raw: 2025 - November 3, 2025",1,2400000,2:06,5200000,Raw,"2025 - November 3, 2025",4656.0,Raw,6.8,Returning Series,USA Network | Spike | Netflix | The New TNN,Scripted,Reality,,inferred
2025-11-03,2025-11-09,10,The Bad Guys: The Series: Season 1,1,2400000,3:49,9200000,The Bad Guys: The Series,Season 1,302540.0,The Bad Guys: The Series,6.811,Returning Series,Netflix,Scripted,Animation | Crime | Comedy | Family,2025-11-06,inferred
2025-11-10,2025-11-16,1,The Beast in Me: Limited Series,5,6900000,6:36,45400000,The Beast in Me,Limited Series,250504.0,The Beast in Me,7.1,Ended,Netflix,Miniseries,Drama | Mystery,2025-11-13,defaulted
2025-11-10,2025-11-16,2,The Witcher: Season 4,3,3600000,7:11,26000000,The Witcher,Season 4,71912.0,The Witcher,7.923,Returning Series,Netflix,Scripted,Drama | Action & Adventure,2025-10-30,inferred
2025-11-10,2025-11-16,3,Absentia: Season 1,3,3500000,7:20,25400000,Absentia,Season 1,72755.0,Absentia,7.257,Ended,Prime Video | AXN,Scripted,Crime | Drama | Mystery,2017-09-25,inferred
2025-11-10,2025-11-16,4,Stranger Things: Season 1,22,3300000,6:49,22500000,Stranger Things,Season 1,66732.0,Stranger Things,8.567,Ended,Netflix,Scripted,Action & Adventure | Mystery | Sci-Fi & Fantasy,2016-07-13,inferred
2025-11-10,2025-11-16,5,Death by Lightning: Limited Series,2,3200000,3:35,11500000,Death by Lightning,Limited Series,245219.0,Death by Lightning,7.381,Ended,Netflix,Miniseries,Drama | Crime,2025-11-06,defaulted
2025-11-10,2025-11-16,6,Squid Game: The Challenge: Season 2,2,3200000,6:38,21000000,Squid Game: The Challenge,Season 2,204082.0,Squid Game: The Challenge,6.5,Returning Series,Netflix,Reality,Reality,2025-11-04,inferred
2025-11-10,2025-11-16,7,"Raw: 2025 - November 10, 2025",1,2800000,1:44,5100000,Raw,"2025 - November 10, 2025",4656.0,Raw,6.8,Returning Series,USA Network | Spike | Netflix | The New TNN,Scripted,Reality,,inferred
2025-11-10,2025-11-16,8,MARINES: Season 1,1,2800000,3:14,9000000,MARINES,Season 1,303173.0,MARINES,6.2,Ended,Netflix,Miniseries,Documentary,2025-11-10,inferred
2025-11-10,2025-11-16,9,Stranger Things 2,20,2700000,7:53,21600000,Stranger Things,Season 2,66732.0,Stranger Things,8.567,Ended,Netflix,Scripted,Action & Adventure | Mystery | Sci-Fi & Fantasy,2017-10-24,inferred
2025-11-10,2025-11-16,10,Nobody Wants This: Season 2,4,2600000,4:26,11600000,Nobody Wants This,Season 2,250923.0,Nobody Wants This,7.335,Returning Series,Netflix,Scripted,Comedy | Drama,2025-10-23,inferred
2025-11-17,2025-11-23,1,The Beast in Me: Limited Series,5,14100000,6:36,93200000,The Beast in Me,Limited Series,250504.0,The Beast in Me,7.1,Ended,Netflix,Miniseries,Drama | Mystery,2025-11-13,defaulted
2025-11-17,2025-11-23,2,Absentia: Season 1,3,8200000,7:20,60100000,Absentia,Season 1,72755.0,Absentia,7.257,Ended,Prime Video | AXN,Scripted,Crime | Drama | Mystery,2017-09-25,inferred
2025-11-17,2025-11-23,3,Stranger Things: Season 1,22,4100000,6:49,27800000,Stranger Things,Season 1,66732.0,Stranger Things,8.567,Ended,Netflix,Scripted,Action & Adventure | Mystery | Sci-Fi & Fantasy,2016-07-13,inferred
2025-11-17,2025-11-23,4,Absentia: Season 2,1,4000000,7:11,28800000,Absentia,Season 2,72755.0,Absentia,7.257,Ended,Prime Video | AXN,Scripted,Crime | Drama | Mystery,2019-03-26,inferred
2025-11-17,2025-11-23,5,Stranger Things 4,29,3300000,13:04,43500000,Stranger Things,Season 4,66732.0,Stranger Things,8.567,Ended,Netflix,Scripted,Action & Adventure | Mystery | Sci-Fi & Fantasy,2022-05-27,inferred
2025-11-17,2025-11-23,6,"Raw: 2025 - November 17, 2025",1,3100000,1:48,5800000,Raw,"2025 - November 17, 2025",4656.0,Raw,6.8,Returning Series,USA Network | Spike | Netflix | The New TNN,Scripted,Reality,,inferred
2025-11-17,2025-11-23,7,Stranger Things 2,20,3100000,7:53,24700000,Stranger Things,Season 2,66732.0,Stranger Things,8.567,Ended,Netflix,Scripted,Action & Adventure | Mystery | Sci-Fi & Fantasy,2017-10-24,inferred
2025-11-17,2025-11-23,8,Gabby's Dollhouse: Season 12,1,3100000,2:01,6300000,Gabby's Dollhouse,Season 12,111474.0,Gabby's Dollhouse,7.856,Returning Series,Netflix,Scripted,Kids | Comedy | Animation | Sci-Fi & Fantasy,2025-11-17,inferred
2025-11-17,2025-11-23,9,Stranger Things 3,20,3100000,7:33,23200000,Stranger Things,Season 3,66732.0,Stranger Things,8.567,Ended,Netflix,Scripted,Action & Adventure | Mystery | Sci-Fi & Fantasy,2019-07-04,inferred
2025-11-17,2025-11-23,10,Absentia: Season 3,1,2300000,7:23,17300000,Absentia,Season 3,72755.0,Absentia,7.257,Ended,Prime Video | AXN,Scripted,Crime | Drama | Mystery,2020-07-17,inferred
2025-11-24,2025-11-30,1,Stranger Things 5,10,59600000,4:46,284200000,Stranger Things,Season 5,66732.0,Stranger Things,8.567,Ended,Netflix,Scripted,Action & Adventure | Mystery | Sci-Fi & Fantasy,2025-11-26,inferred
2025-11-24,2025-11-30,2,Kevin Hart: Acting My Age,1,9200000,1:07,10300000,Kevin Hart: Acting My Age,,1581099.0,Kevin Hart: Acting My Age,6.32,Released,,Movie,Comedy,2025-11-23,movie
2025-11-24,2025-11-30,3,Stranger Things: Season 1,22,8900000,6:49,61000000,Stranger Things,Season 1,66732.0,Stranger Things,8.567,Ended,Netflix,Scripted,Action & Adventure | Mystery | Sci-Fi & Fantasy,2016-07-13,inferred
2025-11-24,2025-11-30,4,The Beast in Me: Limited Series,5,7800000,6:36,51500000,The Beast in Me,Limited Series,250504.0,The Beast in Me,7.1,Ended,Netflix,Miniseries,Drama | Mystery,2025-11-13,defaulted
2025-11-24,2025-11-30,5,Stranger Things 4,29,6100000,13:04,79500000,Stranger Things,Season 4,66732.0,Stranger Things,8.567,Ended,Netflix,Scripted,Action & Adventure | Mystery | Sci-Fi & Fantasy,2022-05-27,inferred
2025-11-24,2025-11-30,6,Stranger Things 2,20,5600000,7:53,44200000,Stranger Things,Season 2,66732.0,Stranger Things,8.567,Ended,Netflix,Scripted,Action & Adventure | Mystery | Sci-Fi & Fantasy,2017-10-24,inferred
2025-11-24,2025-11-30,7,Missing: Dead or Alive?: Season 2,1,5200000,2:50,14800000,Missing: Dead or Alive?,Season 2,225351.0,Missing: Dead or Alive?,6.625,Returning Series,Netflix,Documentary,Crime | Documentary,2025-11-24,inferred
2025-11-24,2025-11-30,8,Stranger Things 3,20,4600000,7:33,34700000,Stranger Things,Season 3,66732.0,Stranger Things,8.567,Ended,Netflix,Scripted,Action & Adventure | Mystery | Sci-Fi & Fantasy,2019-07-04,inferred
2025-11-24,2025-11-30,9,Absentia: Season 1,3,4500000,7:20,33100000,Absentia,Season 1,72755.0,Absentia,7.257,Ended,Prime Video | AXN,Scripted,Crime | Drama | Mystery,2017-09-25,inferred
2025-11-24,2025-11-30,10,Mark Rober's CrunchLabs: Season 1,1,4000000,2:07,8400000,Mark Rober's CrunchLabs,Season 1,306074.0,Mark Rober's CrunchLabs,9.7,Returning Series,,Documentary,Family | Documentary,2025-11-19,inferred
2025-12-01,2025-12-07,1,Stranger Things 5,10,23600000,4:46,112700000,Stranger Things,Season 5,66732.0,Stranger Things,8.567,Ended,Netflix,Scripted,Action & Adventure | Mystery | Sci-Fi & Fantasy,2025-11-26,inferred
2025-12-01,2025-12-07,2,Sean Combs: The Reckoning: Season 1,4,21800000,4:08,89900000,Sean Combs: The Reckoning,Season 1,255251.0,Sean Combs: The Reckoning,7.2,Ended,Netflix,Miniseries,Documentary | Crime,2025-12-02,inferred
2025-12-01,2025-12-07,3,Stranger Things: Season 1,22,8200000,6:49,56100000,Stranger Things,Season 1,66732.0,Stranger Things,8.567,Ended,Netflix,Scripted,Action & Adventure | Mystery | Sci-Fi & Fantasy,2016-07-13,inferred
2025-12-01,2025-12-07,4,The Abandons: Season 1,2,7300000,5:05,37000000,The Abandons,Season 1,223300.0,The Abandons,5.748,Canceled,Netflix,Scripted,Drama | Western,2025-12-04,inferred
2025-12-01,2025-12-07,5,Stranger Things 2,20,6800000,7:53,53800000,Stranger Things,Season 2,66732.0,Stranger Things,8.567,Ended,Netflix,Scripted,Action & Adventure | Mystery | Sci-Fi & Fantasy,2017-10-24,inferred
2025-12-01,2025-12-07,6,Stranger Things 3,20,5900000,7:33,44200000,Stranger Things,Season 3,66732.0,Stranger Things,8.567,Ended,Netflix,Scripted,Action & Adventure | Mystery | Sci-Fi & Fantasy,2019-07-04,inferred
2025-12-01,2025-12-07,7,Stranger Things 4,29,5300000,13:04,69900000,Stranger Things,Season 4,66732.0,Stranger Things,8.567,Ended,Netflix,Scripted,Action & Adventure | Mystery | Sci-Fi & Fantasy,2022-05-27,inferred
2025-12-01,2025-12-07,8,The Rats: A Witcher Tale,1,5000000,1:23,6900000,The Rats: A Witcher Tale,,1571470.0,The Rats: A Witcher Tale,5.424,Released,,Movie,Fantasy | Drama | Adventure,2025-10-29,movie
2025-12-01,2025-12-07,9,The Beast in Me: Limited Series,5,4800000,6:36,31900000,The Beast in Me,Limited Series,250504.0,The Beast in Me,7.1,Ended,Netflix,Miniseries,Drama | Mystery,2025-11-13,defaulted
2025-12-01,2025-12-07,10,Matt Rife: Unwrapped - A Christmas Crowd Work Special,1,4600000,0:59,4500000,Matt Rife: Unwrapped - A Christmas Crowd Work Special,,1581729.0,Matt Rife: Unwrapped - A Christmas Crowd Work Special,6.9,Released,,Movie,Comedy,2025-12-01,movie
2025-12-08,2025-12-14,1,Man Vs Baby: Season 1,4,19100000,1:58,37600000,Man Vs Baby,Season 1,279601.0,Man vs Baby,6.852,Ended,Netflix,Miniseries,Comedy | Family,2025-12-11,inferred
2025-12-08,2025-12-14,2,Sean Combs: The Reckoning: Season 1,4,17900000,4:08,74100000,Sean Combs: The Reckoning,Season 1,255251.0,Sean Combs: The Reckoning,7.2,Ended,Netflix,Miniseries,Documentary | Crime,2025-12-02,inferred
2025-12-08,2025-12-14,3,Stranger Things 5,10,11200000,4:46,53200000,Stranger Things,Season 5,66732.0,Stranger Things,8.567,Ended,Netflix,Scripted,Action & Adventure | Mystery | Sci-Fi & Fantasy,2025-11-26,inferred
2025-12-08,2025-12-14,4,The Abandons: Season 1,2,7600000,5:05,38500000,The Abandons,Season 1,223300.0,The Abandons,5.748,Canceled,Netflix,Scripted,Drama | Western,2025-12-04,inferred
2025-12-08,2025-12-14,5,Stranger Things 3,20,4800000,7:33,36400000,Stranger Things,Season 3,66732.0,Stranger Things,8.567,Ended,Netflix,Scripted,Action & Adventure | Mystery | Sci-Fi & Fantasy,2019-07-04,inferred
2025-12-08,2025-12-14,6,Stranger Things 4,29,4800000,13:04,62100000,Stranger Things,Season 4,66732.0,Stranger Things,8.567,Ended,Netflix,Scripted,Action & Adventure | Mystery | Sci-Fi & Fantasy,2022-05-27,inferred
2025-12-08,2025-12-14,7,Stranger Things: Season 1,22,4700000,6:49,32000000,Stranger Things,Season 1,66732.0,Stranger Things,8.567,Ended,Netflix,Scripted,Action & Adventure | Mystery | Sci-Fi & Fantasy,2016-07-13,inferred
2025-12-08,2025-12-14,8,Stranger Things 2,20,4700000,7:53,36800000,Stranger Things,Season 2,66732.0,Stranger Things,8.567,Ended,Netflix,Scripted,Action & Adventure | Mystery | Sci-Fi & Fantasy,2017-10-24,inferred
2025-12-08,2025-12-14,9,The Beast in Me: Limited Series,5,3500000,6:36,23200000,The Beast in Me,Limited Series,250504.0,The Beast in Me,7.1,Ended,Netflix,Miniseries,Drama | Mystery,2025-11-13,defaulted
2025-12-08,2025-12-14,10,"Raw: 2025 - December 8, 2025",1,2500000,1:42,4400000,Raw,"2025 - December 8, 2025",4656.0,Raw,6.8,Returning Series,USA Network | Spike | Netflix | The New TNN,Scripted,Reality,,inferred
2025-12-15,2025-12-21,1,Man Vs Baby: Season 1,4,14600000,1:58,28700000,Man Vs Baby,Season 1,279601.0,Man vs Baby,6.852,Ended,Netflix,Miniseries,Comedy | Family,2025-12-11,inferred
2025-12-15,2025-12-21,2,Emily in Paris: Season 5,5,13500000,5:47,78200000,Emily in Paris,Season 5,82596.0,Emily in Paris,7.6,Returning Series,Netflix,Scripted,Drama | Comedy,2025-12-18,inferred
2025-12-15,2025-12-21,3,Jake Paul vs. Anthony Joshua,1,10900000,varies,35300000,Jake Paul vs. Anthony Joshua,,1582482.0,Jake Paul vs. Anthony Joshua,4.2,Released,,Movie,Action,2025-12-19,movie
2025-12-15,2025-12-21,4,Stranger Things 5,10,8200000,4:46,38900000,Stranger Things,Season 5,66732.0,Stranger Things,8.567,Ended,Netflix,Scripted,Action & Adventure | Mystery | Sci-Fi & Fantasy,2025-11-26,inferred
2025-12-15,2025-12-21,5,Sean Combs: The Reckoning: Season 1,4,6300000,4:08,26200000,Sean Combs: The Reckoning,Season 1,255251.0,Sean Combs: The Reckoning,7.2,Ended,Netflix,Miniseries,Documentary | Crime,2025-12-02,inferred
2025-12-15,2025-12-21,6,Stranger Things 4,29,3900000,13:04,51400000,Stranger Things,Season 4,66732.0,Stranger Things,8.567,Ended,Netflix,Scripted,Action & Adventure | Mystery | Sci-Fi & Fantasy,2022-05-27,inferred
2025-12-15,2025-12-21,7,Stranger Things 3,20,3600000,7:33,27400000,Stranger Things,Season 3,66732.0,Stranger Things,8.567,Ended,Netflix,Scripted,Action & Adventure | Mystery | Sci-Fi & Fantasy,2019-07-04,inferred
2025-12-15,2025-12-21,8,Stranger Things: Season 1,22,3500000,6:49,23900000,Stranger Things,Season 1,66732.0,Stranger Things,8.567,Ended,Netflix,Scripted,Action & Adventure | Mystery | Sci-Fi & Fantasy,2016-07-13,inferred
2025-12-15,2025-12-21,9,Dave Chappelle: The Unstoppable...,3,3300000,1:16,4200000,Dave Chappelle: The Unstoppable...,,1601195.0,Dave Chappelle: The Unstoppable...,6.703,Released,,Movie,Comedy,2025-12-19,movie
2025-12-15,2025-12-21,10,Stranger Things 2,20,3300000,7:53,26000000,Stranger Things,Season 2,66732.0,Stranger Things,8.567,Ended,Netflix,Scripted,Action & Adventure | Mystery | Sci-Fi & Fantasy,2017-10-24,inferred
2025-12-22,2025-12-28,1,Stranger Things 5,10,34500000,8:15,284800000,Stranger Things,Season 5,66732.0,Stranger Things,8.567,Ended,Netflix,Scripted,Action & Adventure | Mystery | Sci-Fi & Fantasy,2025-11-26,inferred
2025-12-22,2025-12-28,2,Emily in Paris: Season 5,5,13300000,5:47,76800000,Emily in Paris,Season 5,82596.0,Emily in Paris,7.6,Returning Series,Netflix,Scripted,Drama | Comedy,2025-12-18,inferred
2025-12-22,2025-12-28,3,Dave Chappelle: The Unstoppable...,3,9200000,1:16,11600000,Dave Chappelle: The Unstoppable...,,1601195.0,Dave Chappelle: The Unstoppable...,6.703,Released,,Movie,Comedy,2025-12-19,movie
2025-12-22,2025-12-28,4,Man Vs Baby: Season 1,4,7900000,1:58,15500000,Man Vs Baby,Season 1,279601.0,Man vs Baby,6.852,Ended,Netflix,Miniseries,Comedy | Family,2025-12-11,inferred
2025-12-22,2025-12-28,5,Stranger Things: Season 1,22,4800000,6:49,32600000,Stranger Things,Season 1,66732.0,Stranger Things,8.567,Ended,Netflix,Scripted,Action & Adventure | Mystery | Sci-Fi & Fantasy,2016-07-13,inferred
2025-12-22,2025-12-28,6,Stranger Things 4,29,4100000,13:04,53300000,Stranger Things,Season 4,66732.0,Stranger Things,8.567,Ended,Netflix,Scripted,Action & Adventure | Mystery | Sci-Fi & Fantasy,2022-05-27,inferred
2025-12-22,2025-12-28,7,Sean Combs: The Reckoning: Season 1,4,3700000,4:08,15200000,Sean Combs: The Reckoning,Season 1,255251.0,Sean Combs: The Reckoning,7.2,Ended,Netflix,Miniseries,Documentary | Crime,2025-12-02,inferred
2025-12-22,2025-12-28,8,Stranger Things 3,20,3600000,7:33,27300000,Stranger Things,Season 3,66732.0,Stranger Things,8.567,Ended,Netflix,Scripted,Action & Adventure | Mystery | Sci-Fi & Fantasy,2019-07-04,inferred
2025-12-22,2025-12-28,9,Stranger Things 2,20,3600000,7:53,28300000,Stranger Things,Season 2,66732.0,Stranger Things,8.567,Ended,Netflix,Scripted,Action & Adventure | Mystery | Sci-Fi & Fantasy,2017-10-24,inferred
2025-12-22,2025-12-28,10,Fireplace for Your Home: Crackling Birchwood Fireplace,4,3200000,1:00,3200000,Fireplace for Your Home: Crackling Birchwood Fireplace,,470412.0,Fireplace for Your Home Crackling Birchwood,6.2,Released,,Movie,Family,2015-09-01,movie
2025-12-29,2026-01-04,1,Stranger Things 5,10,31300000,10:24,325600000,Stranger Things,Season 5,66732.0,Stranger Things,8.567,Ended,Netflix,Scripted,Action & Adventure | Mystery | Sci-Fi & Fantasy,2025-11-26,inferred
2025-12-29,2026-01-04,2,Run Away: Limited Series,4,12700000,6:16,79500000,Run Away,Limited Series,244244.0,Run Away,6.571,Ended,Netflix,Miniseries,Drama | Mystery,2026-01-01,defaulted
2025-12-29,2026-01-04,3,Stranger Things: Season 1,22,7600000,6:49,52100000,Stranger Things,Season 1,66732.0,Stranger Things,8.567,Ended,Netflix,Scripted,Action & Adventure | Mystery | Sci-Fi & Fantasy,2016-07-13,inferred
2025-12-29,2026-01-04,4,Emily in Paris: Season 5,5,7400000,5:47,42700000,Emily in Paris,Season 5,82596.0,Emily in Paris,7.6,Returning Series,Netflix,Scripted,Drama | Comedy,2025-12-18,inferred
2025-12-29,2026-01-04,5,Stranger Things 2,20,5500000,7:53,43500000,Stranger Things,Season 2,66732.0,Stranger Things,8.567,Ended,Netflix,Scripted,Action & Adventure | Mystery | Sci-Fi & Fantasy,2017-10-24,inferred
2025-12-29,2026-01-04,6,Ricky Gervais: Mortality,1,5100000,0:59,5000000,Ricky Gervais: Mortality,,1312150.0,Ricky Gervais: Mortality,6.983,Released,,Movie,Comedy,2025-12-29,movie
2025-12-29,2026-01-04,7,Stranger Things 3,20,5000000,7:33,37500000,Stranger Things,Season 3,66732.0,Stranger Things,8.567,Ended,Netflix,Scripted,Action & Adventure | Mystery | Sci-Fi & Fantasy,2019-07-04,inferred
2025-12-29,2026-01-04,8,Stranger Things 4,29,4800000,13:04,62200000,Stranger Things,Season 4,66732.0,Stranger Things,8.567,Ended,Netflix,Scripted,Action & Adventure | Mystery | Sci-Fi & Fantasy,2022-05-27,inferred
2025-12-29,2026-01-04,9,Man Vs Baby: Season 1,4,4000000,1:58,7900000,Man Vs Baby,Season 1,279601.0,Man vs Baby,6.852,Ended,Netflix,Miniseries,Comedy | Family,2025-12-11,inferred
2025-12-29,2026-01-04,10,Dave Chappelle: The Unstoppable...,3,2800000,1:16,3500000,Dave Chappelle: The Unstoppable...,,1601195.0,Dave Chappelle: The Unstoppable...,6.703,Released,,Movie,Comedy,2025-12-19,movie
2026-01-05,2026-01-11,1,HIS & HERS: Limited Series,7,19900000,4:22,86800000,HIS & HERS,Limited Series,259731.0,HIS & HERS,7.343,Ended,Netflix,Miniseries,Drama | Crime | Mystery,2026-01-08,defaulted
2026-01-05,2026-01-11,2,Run Away: Limited Series,4,15600000,6:16,97900000,Run Away,Limited Series,244244.0,Run Away,6.571,Ended,Netflix,Miniseries,Drama | Mystery,2026-01-01,defaulted
2026-01-05,2026-01-11,3,Stranger Things 5,10,9300000,10:24,96400000,Stranger Things,Season 5,66732.0,Stranger Things,8.567,Ended,Netflix,Scripted,Action & Adventure | Mystery | Sci-Fi & Fantasy,2025-11-26,inferred
2026-01-05,2026-01-11,4,Stranger Things: Season 1,22,5000000,6:49,34000000,Stranger Things,Season 1,66732.0,Stranger Things,8.567,Ended,Netflix,Scripted,Action & Adventure | Mystery | Sci-Fi & Fantasy,2016-07-13,inferred
2026-01-05,2026-01-11,5,Emily in Paris: Season 5,5,4500000,5:47,26300000,Emily in Paris,Season 5,82596.0,Emily in Paris,7.6,Returning Series,Netflix,Scripted,Drama | Comedy,2025-12-18,inferred
2026-01-05,2026-01-11,6,Stranger Things 2,20,4500000,7:53,35500000,Stranger Things,Season 2,66732.0,Stranger Things,8.567,Ended,Netflix,Scripted,Action & Adventure | Mystery | Sci-Fi & Fantasy,2017-10-24,inferred
2026-01-05,2026-01-11,7,Stranger Things 3,20,4400000,7:33,33400000,Stranger Things,Season 3,66732.0,Stranger Things,8.567,Ended,Netflix,Scripted,Action & Adventure | Mystery | Sci-Fi & Fantasy,2019-07-04,inferred
2026-01-05,2026-01-11,8,Stranger Things 4,29,4100000,13:04,53900000,Stranger Things,Season 4,66732.0,Stranger Things,8.567,Ended,Netflix,Scripted,Action & Adventure | Mystery | Sci-Fi & Fantasy,2022-05-27,inferred
2026-01-05,2026-01-11,9,The Good Doctor: Season 1,7,3400000,12:55,44500000,The Good Doctor,Season 1,71712.0,The Good Doctor,8.459,Ended,ABC,Scripted,Drama,2017-09-25,inferred
2026-01-05,2026-01-11,10,"Raw: 2026 - January 5, 2026",1,3200000,1:45,5900000,Raw,"2026 - January 5, 2026",4656.0,Raw,6.8,Returning Series,USA Network | Spike | Netflix | The New TNN,Scripted,Reality,,inferred
2026-01-12,2026-01-18,1,HIS & HERS: Limited Series,7,29500000,4:22,128700000,HIS & HERS,Limited Series,259731.0,HIS & HERS,7.343,Ended,Netflix,Miniseries,Drama | Crime | Mystery,2026-01-08,defaulted
2026-01-12,2026-01-18,2,Agatha Christie's Seven Dials: Season 1,3,9900000,2:42,26600000,Agatha Christie's Seven Dials,Season 1,250505.0,Agatha Christie's Seven Dials,6.3,Ended,Netflix,Miniseries,Mystery | Crime | Drama,2026-01-15,inferred
2026-01-12,2026-01-18,3,Run Away: Limited Series,4,6100000,6:16,38500000,Run Away,Limited Series,244244.0,Run Away,6.571,Ended,Netflix,Miniseries,Drama | Mystery,2026-01-01,defaulted
2026-01-12,2026-01-18,4,Stranger Things 5,10,5100000,10:24,53500000,Stranger Things,Season 5,66732.0,Stranger Things,8.567,Ended,Netflix,Scripted,Action & Adventure | Mystery | Sci-Fi & Fantasy,2025-11-26,inferred
2026-01-12,2026-01-18,5,Stranger Things 4,29,3100000,13:04,40000000,Stranger Things,Season 4,66732.0,Stranger Things,8.567,Ended,Netflix,Scripted,Action & Adventure | Mystery | Sci-Fi & Fantasy,2022-05-27,inferred
2026-01-12,2026-01-18,6,Stranger Things 3,20,3000000,7:33,22400000,Stranger Things,Season 3,66732.0,Stranger Things,8.567,Ended,Netflix,Scripted,Action & Adventure | Mystery | Sci-Fi & Fantasy,2019-07-04,inferred
2026-01-12,2026-01-18,7,Stranger Things: Season 1,22,2800000,6:49,18900000,Stranger Things,Season 1,66732.0,Stranger Things,8.567,Ended,Netflix,Scripted,Action & Adventure | Mystery | Sci-Fi & Fantasy,2016-07-13,inferred
2026-01-12,2026-01-18,8,Emily in Paris: Season 5,5,2700000,5:47,15700000,Emily in Paris,Season 5,82596.0,Emily in Paris,7.6,Returning Series,Netflix,Scripted,Drama | Comedy,2025-12-18,inferred
2026-01-12,2026-01-18,9,Stranger Things 2,20,2700000,7:53,21300000,Stranger Things,Season 2,66732.0,Stranger Things,8.567,Ended,Netflix,Scripted,Action & Adventure | Mystery | Sci-Fi & Fantasy,2017-10-24,inferred
2026-01-12,2026-01-18,10,Marcello Hernández: American Boy,1,2500000,1:05,2700000,Marcello Hernández: American Boy,,1599078.0,Marcello Hernández: American Boy,7.1,Released,,Movie,Comedy,2026-01-07,movie
2026-01-19,2026-01-25,1,HIS & HERS: Limited Series,7,17200000,4:22,75000000,HIS & HERS,Limited Series,259731.0,HIS & HERS,7.343,Ended,Netflix,Miniseries,Drama | Crime | Mystery,2026-01-08,defaulted
2026-01-19,2026-01-25,2,Agatha Christie's Seven Dials: Season 1,3,8700000,2:42,23500000,Agatha Christie's Seven Dials,Season 1,250505.0,Agatha Christie's Seven Dials,6.3,Ended,Netflix,Miniseries,Mystery | Crime | Drama,2026-01-15,inferred
2026-01-19,2026-01-25,3,Skyscraper Live,2,6200000,1:56,12000000,Skyscraper Live,,1599090.0,Skyscraper Live,7.383,Released,,Movie,Adventure | Documentary,2026-01-23,movie
2026-01-19,2026-01-25,4,Finding Her Edge: Season 1,2,5500000,6:03,33200000,Finding Her Edge,Season 1,281401.0,Finding Her Edge,7.521,Returning Series,Netflix,Scripted,Drama,2026-01-22,inferred
2026-01-19,2026-01-25,5,Stranger Things 5,10,3700000,10:24,38300000,Stranger Things,Season 5,66732.0,Stranger Things,8.567,Ended,Netflix,Scripted,Action & Adventure | Mystery | Sci-Fi & Fantasy,2025-11-26,inferred
2026-01-19,2026-01-25,6,Run Away: Limited Series,4,3600000,6:16,22800000,Run Away,Limited Series,244244.0,Run Away,6.571,Ended,Netflix,Miniseries,Drama | Mystery,2026-01-01,defaulted
2026-01-19,2026-01-25,7,Sandokan: The Pirate Prince: Season 1,1,3500000,7:46,27000000,Sandokan: The Pirate Prince,Season 1,271855.0,Sandokan,7.5,Returning Series,Rai 1,Scripted,Action & Adventure | Drama | War & Politics,2025-12-01,inferred
2026-01-19,2026-01-25,8,Free Bert: Season 1,2,3200000,2:36,8200000,Free Bert,Season 1,307534.0,Free Bert,7.478,Returning Series,Netflix,Scripted,Comedy,2026-01-22,inferred
2026-01-19,2026-01-25,9,"Raw: 2026 - January 19, 2026",1,2500000,1:46,4600000,Raw,"2026 - January 19, 2026",4656.0,Raw,6.8,Returning Series,USA Network | Spike | Netflix | The New TNN,Scripted,Reality,,inferred
2026-01-19,2026-01-25,10,Stranger Things 4,29,2300000,13:04,30700000,Stranger Things,Season 4,66732.0,Stranger Things,8.567,Ended,Netflix,Scripted,Action & Adventure | Mystery | Sci-Fi & Fantasy,2022-05-27,inferred
2026-01-26,2026-02-01,1,Bridgerton: Season 4,9,39700000,4:23,174100000,Bridgerton,Season 4,91239.0,Bridgerton,8.064,Returning Series,Netflix,Scripted,Drama,2026-01-28,inferred
2026-01-26,2026-02-01,2,HIS & HERS: Limited Series,7,11000000,4:22,48200000,HIS & HERS,Limited Series,259731.0,HIS & HERS,7.343,Ended,Netflix,Miniseries,Drama | Crime | Mystery,2026-01-08,defaulted
2026-01-26,2026-02-01,3,Finding Her Edge: Season 1,2,6700000,6:03,40400000,Finding Her Edge,Season 1,281401.0,Finding Her Edge,7.521,Returning Series,Netflix,Scripted,Drama,2026-01-22,inferred
2026-01-26,2026-02-01,4,Skyscraper Live,2,5300000,1:57,10400000,Skyscraper Live,,1599090.0,Skyscraper Live,7.383,Released,,Movie,Adventure | Documentary,2026-01-23,movie
2026-01-26,2026-02-01,5,Mike Epps: Delusional,1,3800000,1:00,3800000,Mike Epps: Delusional,,1599087.0,Mike Epps: Delusional,6.0,Released,,Movie,Comedy,2026-01-27,movie
2026-01-26,2026-02-01,6,Free Bert: Season 1,2,3700000,2:36,9500000,Free Bert,Season 1,307534.0,Free Bert,7.478,Returning Series,Netflix,Scripted,Comedy,2026-01-22,inferred
2026-01-26,2026-02-01,7,Agatha Christie's Seven Dials: Season 1,3,3000000,2:42,8100000,Agatha Christie's Seven Dials,Season 1,250505.0,Agatha Christie's Seven Dials,6.3,Ended,Netflix,Miniseries,Mystery | Crime | Drama,2026-01-15,inferred
2026-01-26,2026-02-01,8,Bridgerton: Season 3,14,2700000,7:59,21700000,Bridgerton,Season 3,91239.0,Bridgerton,8.064,Returning Series,Netflix,Scripted,Drama,2024-05-15,inferred
2026-01-26,2026-02-01,9,Stranger Things 5,10,2700000,10:24,28200000,Stranger Things,Season 5,66732.0,Stranger Things,8.567,Ended,Netflix,Scripted,Action & Adventure | Mystery | Sci-Fi & Fantasy,2025-11-26,inferred
2026-01-26,2026-02-01,10,Bridgerton: Season 1,20,2700000,8:12,22200000,Bridgerton,Season 1,91239.0,Bridgerton,8.064,Returning Series,Netflix,Scripted,Drama,2020-12-25,inferred
2026-02-02,2026-02-08,1,Bridgerton: Season 4,9,23400000,4:23,102600000,Bridgerton,Season 4,91239.0,Bridgerton,8.064,Returning Series,Netflix,Scripted,Drama,2026-01-28,inferred
2026-02-02,2026-02-08,2,The Lincoln Lawyer: Season 4,4,9000000,8:26,75900000,The Lincoln Lawyer,Season 4,116799.0,The Lincoln Lawyer,7.7,Returning Series,Netflix,Scripted,Drama | Crime,2026-02-05,inferred
2026-02-02,2026-02-08,3,HIS & HERS: Limited Series,7,6200000,4:22,27100000,HIS & HERS,Limited Series,259731.0,HIS & HERS,7.343,Ended,Netflix,Miniseries,Drama | Crime | Mystery,2026-01-08,defaulted
2026-02-02,2026-02-08,4,Is It Cake? Valentines: Season 1,1,4300000,0:45,3200000,Is It Cake? Valentines,Season 1,320225.0,Is It Cake Valentines,10.0,Returning Series,,Scripted,,2026-04-08,inferred
2026-02-02,2026-02-08,5,Bridgerton: Season 1,20,3500000,8:12,29000000,Bridgerton,Season 1,91239.0,Bridgerton,8.064,Returning Series,Netflix,Scripted,Drama,2020-12-25,inferred
2026-02-02,2026-02-08,6,"Raw: 2026 - February 2, 2026",1,3100000,1:49,5800000,Raw,"2026 - February 2, 2026",4656.0,Raw,6.8,Returning Series,USA Network | Spike | Netflix | The New TNN,Scripted,Reality,,inferred
2026-02-02,2026-02-08,7,Jeffrey Epstein: Filthy Rich: Limited Series,4,3100000,3:46,11500000,Jeffrey Epstein: Filthy Rich,Limited Series,103506.0,Jeffrey Epstein: Filthy Rich,7.053,Ended,Netflix,Miniseries,Crime | Documentary,2020-05-27,defaulted
2026-02-02,2026-02-08,8,Bridgerton: Season 3,14,3000000,7:59,23600000,Bridgerton,Season 3,91239.0,Bridgerton,8.064,Returning Series,Netflix,Scripted,Drama,2024-05-15,inferred
2026-02-02,2026-02-08,9,Sullivan's Crossing: Season 1,3,2800000,7:21,20900000,Sullivan's Crossing,Season 1,211564.0,Sullivan's Crossing,8.2,Returning Series,CTV,Scripted,Drama,2023-03-19,inferred
2026-02-02,2026-02-08,10,Animal Kingdom: Season 1,1,2800000,8:13,22700000,Animal Kingdom,Season 1,66025.0,Animal Kingdom,7.743,Ended,TNT,Scripted,Crime | Drama,2016-06-14,inferred
2026-02-09,2026-02-15,1,The Lincoln Lawyer: Season 4,4,9600000,8:26,80800000,The Lincoln Lawyer,Season 4,116799.0,The Lincoln Lawyer,7.7,Returning Series,Netflix,Scripted,Drama | Crime,2026-02-05,inferred
2026-02-09,2026-02-15,2,Bridgerton: Season 4,9,9400000,4:23,41200000,Bridgerton,Season 4,91239.0,Bridgerton,8.064,Returning Series,Netflix,Scripted,Drama,2026-01-28,inferred
2026-02-09,2026-02-15,3,Jeffrey Epstein: Filthy Rich: Limited Series,4,8400000,3:46,31600000,Jeffrey Epstein: Filthy Rich,Limited Series,103506.0,Jeffrey Epstein: Filthy Rich,7.053,Ended,Netflix,Miniseries,Crime | Documentary,2020-05-27,defaulted
2026-02-09,2026-02-15,4,Katt Williams: The Last Report,1,7100000,0:59,7000000,Katt Williams: The Last Report,,1628484.0,Katt Williams: The Last Report,5.0,Released,,Movie,Comedy,2026-02-10,movie
2026-02-09,2026-02-15,5,Love Is Blind: S10: Ohio,4,4600000,5:46,26600000,Love Is Blind,S10: Ohio,99353.0,Love Is Blind,6.211,Returning Series,Netflix,Reality,Reality,2026-02-10,inferred
2026-02-09,2026-02-15,6,HIS & HERS: Limited Series,7,3900000,4:22,16900000,HIS & HERS,Limited Series,259731.0,HIS & HERS,7.343,Ended,Netflix,Miniseries,Drama | Crime | Mystery,2026-01-08,defaulted
2026-02-09,2026-02-15,7,"Raw: 2026 - February 9, 2026",1,2900000,1:43,5100000,Raw,"2026 - February 9, 2026",4656.0,Raw,6.8,Returning Series,USA Network | Spike | Netflix | The New TNN,Scripted,Reality,,inferred
2026-02-09,2026-02-15,8,The Creature Cases: Chapter 7,1,2200000,2:46,6100000,The Creature Cases,Chapter 7,195407.0,The Creature Cases,7.8,Returning Series,Netflix,Scripted,Kids | Animation,2026-02-09,inferred
2026-02-09,2026-02-15,9,Bridgerton: Season 3,14,2200000,7:59,17400000,Bridgerton,Season 3,91239.0,Bridgerton,8.064,Returning Series,Netflix,Scripted,Drama,2024-05-15,inferred
2026-02-09,2026-02-15,10,Bridgerton: Season 1,20,1900000,8:12,15400000,Bridgerton,Season 1,91239.0,Bridgerton,8.064,Returning Series,Netflix,Scripted,Drama,2020-12-25,inferred
2026-02-16,2026-02-22,1,Reality Check: Inside America's Next Top Model: Season 1,2,14200000,2:47,39600000,Reality Check: Inside America's Next Top Model,Season 1,312423.0,Reality Check: Inside America's Next Top Model,7.2,Ended,Netflix,Miniseries,Reality | Documentary,2026-02-16,inferred
2026-02-16,2026-02-22,2,The Night Agent: Season 3,4,8400000,8:43,73200000,The Night Agent,Season 3,129552.0,The Night Agent,7.709,Returning Series,Netflix,Scripted,Action & Adventure | Drama | Mystery,2026-02-19,inferred
2026-02-16,2026-02-22,3,Bridgerton: Season 4,9,6300000,4:23,27600000,Bridgerton,Season 4,91239.0,Bridgerton,8.064,Returning Series,Netflix,Scripted,Drama,2026-01-28,inferred
2026-02-16,2026-02-22,4,The Lincoln Lawyer: Season 4,4,4900000,8:26,41600000,The Lincoln Lawyer,Season 4,116799.0,The Lincoln Lawyer,7.7,Returning Series,Netflix,Scripted,Drama | Crime,2026-02-05,inferred
2026-02-16,2026-02-22,5,Love Is Blind: S10: Ohio,4,4800000,8:46,42300000,Love Is Blind,S10: Ohio,99353.0,Love Is Blind,6.211,Returning Series,Netflix,Reality,Reality,2026-02-10,inferred
2026-02-16,2026-02-22,6,Jeffrey Epstein: Filthy Rich: Limited Series,4,4200000,3:46,15900000,Jeffrey Epstein: Filthy Rich,Limited Series,103506.0,Jeffrey Epstein: Filthy Rich,7.053,Ended,Netflix,Miniseries,Crime | Documentary,2020-05-27,defaulted
2026-02-16,2026-02-22,7,The Hunting Party: Season 1,1,3500000,7:05,24600000,The Hunting Party,Season 1,247723.0,The Hunting Party,7.07,Returning Series,NBC,Scripted,Drama | Crime,2025-01-19,inferred
2026-02-16,2026-02-22,8,HIS & HERS: Limited Series,7,2900000,4:22,12500000,HIS & HERS,Limited Series,259731.0,HIS & HERS,7.343,Ended,Netflix,Miniseries,Drama | Crime | Mystery,2026-01-08,defaulted
2026-02-16,2026-02-22,9,"Raw: 2026 - February 16, 2026",1,2700000,1:43,4900000,Raw,"2026 - February 16, 2026",4656.0,Raw,6.8,Returning Series,USA Network | Spike | Netflix | The New TNN,Scripted,Reality,,inferred
2026-02-16,2026-02-22,10,Being Gordon Ramsay: Season 1,2,2700000,4:32,12200000,Being Gordon Ramsay,Season 1,262273.0,Being Gordon Ramsay,7.4,Ended,Netflix,Miniseries,Documentary,2026-02-18,inferred
2026-02-23,2026-03-01,1,Bridgerton: Season 4,9,28000000,8:53,248800000,Bridgerton,Season 4,91239.0,Bridgerton,8.064,Returning Series,Netflix,Scripted,Drama,2026-01-28,inferred
2026-02-23,2026-03-01,2,The Night Agent: Season 3,4,9900000,8:43,86200000,The Night Agent,Season 3,129552.0,The Night Agent,7.709,Returning Series,Netflix,Scripted,Action & Adventure | Drama | Mystery,2026-02-19,inferred
2026-02-23,2026-03-01,3,Reality Check: Inside America's Next Top Model: Season 1,2,3800000,2:47,10600000,Reality Check: Inside America's Next Top Model,Season 1,312423.0,Reality Check: Inside America's Next Top Model,7.2,Ended,Netflix,Miniseries,Reality | Documentary,2026-02-16,inferred
2026-02-23,2026-03-01,4,Love Is Blind: S10: Ohio,4,3100000,10:47,33200000,Love Is Blind,S10: Ohio,99353.0,Love Is Blind,6.211,Returning Series,Netflix,Reality,Reality,2026-02-10,inferred
2026-02-23,2026-03-01,5,The Night Agent: Season 1,17,2900000,8:11,23600000,The Night Agent,Season 1,129552.0,The Night Agent,7.709,Returning Series,Netflix,Scripted,Action & Adventure | Drama | Mystery,2023-03-23,inferred
2026-02-23,2026-03-01,6,The Lincoln Lawyer: Season 4,4,2900000,8:26,24200000,The Lincoln Lawyer,Season 4,116799.0,The Lincoln Lawyer,7.7,Returning Series,Netflix,Scripted,Drama | Crime,2026-02-05,inferred
2026-02-23,2026-03-01,7,"Raw: 2026 - February 23, 2026",1,2800000,1:53,5600000,Raw,"2026 - February 23, 2026",4656.0,Raw,6.8,Returning Series,USA Network | Spike | Netflix | The New TNN,Scripted,Reality,,inferred
2026-02-23,2026-03-01,8,The Night Agent: Season 2,6,2700000,8:36,23300000,The Night Agent,Season 2,129552.0,The Night Agent,7.709,Returning Series,Netflix,Scripted,Action & Adventure | Drama | Mystery,2025-01-23,inferred
2026-02-23,2026-03-01,9,Formula 1: Drive to Survive: Season 8,2,2700000,6:04,16100000,Formula 1: Drive to Survive,Season 8,87083.0,Formula 1: Drive to Survive,8.173,Returning Series,Netflix,Documentary,Documentary,2026-02-27,inferred
2026-02-23,2026-03-01,10,Being Gordon Ramsay: Season 1,2,2300000,4:32,10400000,Being Gordon Ramsay,Season 1,262273.0,Being Gordon Ramsay,7.4,Ended,Netflix,Miniseries,Documentary,2026-02-18,inferred
2026-03-02,2026-03-08,1,Bridgerton: Season 4,9,13100000,8:53,116400000,Bridgerton,Season 4,91239.0,Bridgerton,8.064,Returning Series,Netflix,Scripted,Drama,2026-01-28,inferred
2026-03-02,2026-03-08,2,The Dinosaurs: Season 1,3,10400000,3:06,32300000,The Dinosaurs,Season 1,313298.0,The Dinosaurs,7.9,Ended,Netflix,Miniseries,Documentary | Animation,2026-03-06,inferred
2026-03-02,2026-03-08,3,The Night Agent: Season 3,4,5200000,8:43,45000000,The Night Agent,Season 3,129552.0,The Night Agent,7.709,Returning Series,Netflix,Scripted,Action & Adventure | Drama | Mystery,2026-02-19,inferred
2026-03-02,2026-03-08,4,Vladimir: Limited Series,2,4200000,4:01,17000000,Vladimir,Limited Series,285739.0,Vladimir,7.038,Ended,Netflix,Miniseries,Drama,2026-03-05,defaulted
2026-03-02,2026-03-08,5,Formula 1: Drive to Survive: Season 8,2,3000000,6:04,18500000,Formula 1: Drive to Survive,Season 8,87083.0,Formula 1: Drive to Survive,8.173,Returning Series,Netflix,Documentary,Documentary,2026-02-27,inferred
2026-03-02,2026-03-08,6,"Raw: 2026 - March 2, 2026",1,3000000,1:41,5400000,Raw,"2026 - March 2, 2026",4656.0,Raw,6.8,Returning Series,USA Network | Spike | Netflix | The New TNN,Scripted,Reality,,inferred
2026-03-02,2026-03-08,7,Gabby's Dollhouse: Season 13,1,2500000,2:02,5100000,Gabby's Dollhouse,Season 13,111474.0,Gabby's Dollhouse,7.856,Returning Series,Netflix,Scripted,Kids | Comedy | Animation | Sci-Fi & Fantasy,2026-03-02,inferred
2026-03-02,2026-03-08,8,Bridgerton: Season 1,20,2200000,8:12,18300000,Bridgerton,Season 1,91239.0,Bridgerton,8.064,Returning Series,Netflix,Scripted,Drama,2020-12-25,inferred
2026-03-02,2026-03-08,9,The Mentalist: Season 1,1,2200000,16:36,36800000,The Mentalist,Season 1,5920.0,The Mentalist,8.35,Ended,CBS,Scripted,Crime | Drama | Mystery,2008-09-23,inferred
2026-03-02,2026-03-08,10,Love Is Blind: S10: Ohio,4,2000000,12:06,24100000,Love Is Blind,S10: Ohio,99353.0,Love Is Blind,6.211,Returning Series,Netflix,Reality,Reality,2026-02-10,inferred
2026-03-09,2026-03-15,1,ONE PIECE: Season 2,5,16800000,8:06,136200000,ONE PIECE,Season 2,111110.0,ONE PIECE,8.11,Returning Series,Netflix,Scripted,Action & Adventure | Sci-Fi & Fantasy,2026-03-10,inferred
2026-03-09,2026-03-15,2,The Dinosaurs: Season 1,3,9600000,3:06,29900000,The Dinosaurs,Season 1,313298.0,The Dinosaurs,7.9,Ended,Netflix,Miniseries,Documentary | Animation,2026-03-06,inferred
2026-03-09,2026-03-15,3,Love Is Blind: The Reunion,1,8900000,1:32,13700000,Love Is Blind: The Reunion,,1649932.0,Love Is Blind: The Reunion,2.0,Released,,Movie,Documentary,2026-03-11,movie
2026-03-09,2026-03-15,4,Virgin River: Season 7,4,7000000,8:15,58000000,Virgin River,Season 7,88324.0,Virgin River,7.944,Returning Series,Netflix,Scripted,Drama,2026-03-12,inferred
2026-03-09,2026-03-15,5,Bridgerton: Season 4,9,5300000,8:53,47100000,Bridgerton,Season 4,91239.0,Bridgerton,8.064,Returning Series,Netflix,Scripted,Drama,2026-01-28,inferred
2026-03-09,2026-03-15,6,Age of Attraction: Season 1,2,3800000,5:01,19100000,Age of Attraction,Season 1,287390.0,Age of Attraction,6.786,Returning Series,Netflix,Reality,Reality,2026-03-11,inferred
2026-03-09,2026-03-15,7,ONE PIECE: Season 1,11,3600000,7:34,27000000,ONE PIECE,Season 1,111110.0,ONE PIECE,8.11,Returning Series,Netflix,Scripted,Action & Adventure | Sci-Fi & Fantasy,2023-08-31,inferred
2026-03-09,2026-03-15,8,Vladimir: Limited Series,2,3500000,4:01,14100000,Vladimir,Limited Series,285739.0,Vladimir,7.038,Ended,Netflix,Miniseries,Drama,2026-03-05,defaulted
2026-03-09,2026-03-15,9,The Night Agent: Season 3,4,3200000,8:43,28200000,The Night Agent,Season 3,129552.0,The Night Agent,7.709,Returning Series,Netflix,Scripted,Action & Adventure | Drama | Mystery,2026-02-19,inferred
2026-03-09,2026-03-15,10,"Raw: 2026 - March 9, 2026",1,2800000,1:41,5000000,Raw,"2026 - March 9, 2026",4656.0,Raw,6.8,Returning Series,USA Network | Spike | Netflix | The New TNN,Scripted,Reality,,inferred
2026-03-16,2026-03-22,1,ONE PIECE: Season 2,5,11100000,8:06,90300000,ONE PIECE,Season 2,111110.0,ONE PIECE,8.11,Returning Series,Netflix,Scripted,Action & Adventure | Sci-Fi & Fantasy,2026-03-10,inferred
2026-03-16,2026-03-22,2,Virgin River: Season 7,4,7700000,8:15,63900000,Virgin River,Season 7,88324.0,Virgin River,7.944,Returning Series,Netflix,Scripted,Drama,2026-03-12,inferred
2026-03-16,2026-03-22,3,Beauty in Black: Season 2,6,5300000,13:52,73900000,Beauty in Black,Season 2,246246.0,Beauty in Black,7.723,Returning Series,Netflix,Scripted,Drama,2025-09-10,inferred
2026-03-16,2026-03-22,4,ONE PIECE: Season 1,11,4400000,7:34,33100000,ONE PIECE,Season 1,111110.0,ONE PIECE,8.11,Returning Series,Netflix,Scripted,Action & Adventure | Sci-Fi & Fantasy,2023-08-31,inferred
2026-03-16,2026-03-22,5,The Dinosaurs: Season 1,3,3400000,3:06,10400000,The Dinosaurs,Season 1,313298.0,The Dinosaurs,7.9,Ended,Netflix,Miniseries,Documentary | Animation,2026-03-06,inferred
2026-03-16,2026-03-22,6,Bridgerton: Season 4,9,3200000,8:53,28600000,Bridgerton,Season 4,91239.0,Bridgerton,8.064,Returning Series,Netflix,Scripted,Drama,2026-01-28,inferred
2026-03-16,2026-03-22,7,Age of Attraction: Season 1,2,3200000,6:52,21700000,Age of Attraction,Season 1,287390.0,Age of Attraction,6.786,Returning Series,Netflix,Reality,Reality,2026-03-11,inferred
2026-03-16,2026-03-22,8,"Raw: 2026 - March 16, 2026",1,3000000,1:56,5900000,Raw,"2026 - March 16, 2026",4656.0,Raw,6.8,Returning Series,USA Network | Spike | Netflix | The New TNN,Scripted,Reality,,inferred
2026-03-16,2026-03-22,9,Love & Death: Season 1,1,2900000,6:17,18400000,Love & Death,Season 1,86831.0,"Love, Death & Robots",8.21,Returning Series,Netflix,Scripted,Animation | Sci-Fi & Fantasy,2019-03-15,inferred
2026-03-16,2026-03-22,10,Mark Rober's CrunchLabs: Season 3,1,2900000,2:13,6400000,Mark Rober's CrunchLabs,Season 3,306074.0,Mark Rober's CrunchLabs,9.7,Returning Series,,Documentary,Family | Documentary,2026-03-16,inferred
2026-03-23,2026-03-29,1,ONE PIECE: Season 2,5,5900000,8:06,47500000,ONE PIECE,Season 2,111110.0,ONE PIECE,8.11,Returning Series,Netflix,Scripted,Action & Adventure | Sci-Fi & Fantasy,2026-03-10,inferred
2026-03-23,2026-03-29,2,Something Very Bad Is Going to Happen: Season 1,3,4500000,6:21,28300000,Something Very Bad Is Going to Happen,Season 1,259265.0,Something Very Bad Is Going to Happen,6.4,Ended,Netflix,Miniseries,Drama | Mystery | Sci-Fi & Fantasy,2026-03-26,inferred
2026-03-23,2026-03-29,3,Beauty in Black: Season 2,6,4200000,13:52,57700000,Beauty in Black,Season 2,246246.0,Beauty in Black,7.723,Returning Series,Netflix,Scripted,Drama,2025-09-10,inferred
2026-03-23,2026-03-29,4,Virgin River: Season 7,4,4100000,8:15,33800000,Virgin River,Season 7,88324.0,Virgin River,7.944,Returning Series,Netflix,Scripted,Drama,2026-03-12,inferred
2026-03-23,2026-03-29,5,Homicide: New York: Season 2,2,3600000,4:13,15200000,Homicide: New York,Season 2,154731.0,New York Homicide,6.1,Returning Series,Oxygen,Documentary,Crime | Documentary,2023-06-10,inferred
2026-03-23,2026-03-29,6,"Raw: 2026 - March 23, 2026",1,2900000,1:51,5500000,Raw,"2026 - March 23, 2026",4656.0,Raw,6.8,Returning Series,USA Network | Spike | Netflix | The New TNN,Scripted,Reality,,inferred
2026-03-23,2026-03-29,7,The Predator of Seville: Limited Series,2,2800000,2:24,6600000,The Predator of Seville,Limited Series,316295.0,The Predator of Seville,7.8,Ended,Netflix,Miniseries,Documentary | Crime,2026-03-27,defaulted
2026-03-23,2026-03-29,8,ONE PIECE: Season 1,11,2600000,7:34,19600000,ONE PIECE,Season 1,111110.0,ONE PIECE,8.11,Returning Series,Netflix,Scripted,Action & Adventure | Sci-Fi & Fantasy,2023-08-31,inferred
2026-03-23,2026-03-29,9,Heartbreak High: Season 3,1,2400000,6:19,15100000,Heartbreak High,Season 3,12998.0,Heartbreak High,6.9,Ended,ABC TV | 10,Scripted,Drama,1996-06-16,inferred
2026-03-23,2026-03-29,10,Bridgerton: Season 4,9,2400000,8:53,21100000,Bridgerton,Season 4,91239.0,Bridgerton,8.064,Returning Series,Netflix,Scripted,Drama,2026-01-28,inferred
2026-03-30,2026-04-05,1,"XO, Kitty: Season 3",3,12900000,4:20,55900000,"XO, Kitty",Season 3,195670.0,"XO, Kitty",8.098,Ended,Netflix,Scripted,Comedy | Drama,2026-04-02,inferred
2026-03-30,2026-04-05,2,Something Very Bad Is Going to Happen: Season 1,3,6900000,6:21,43800000,Something Very Bad Is Going to Happen,Season 1,259265.0,Something Very Bad Is Going to Happen,6.4,Ended,Netflix,Miniseries,Drama | Mystery | Sci-Fi & Fantasy,2026-03-26,inferred
2026-03-30,2026-04-05,3,The Predator of Seville: Limited Series,2,4700000,2:24,11300000,The Predator of Seville,Limited Series,316295.0,The Predator of Seville,7.8,Ended,Netflix,Miniseries,Documentary | Crime,2026-03-27,defaulted
2026-03-30,2026-04-05,4,ONE PIECE: Season 2,5,3500000,8:06,28500000,ONE PIECE,Season 2,111110.0,ONE PIECE,8.11,Returning Series,Netflix,Scripted,Action & Adventure | Sci-Fi & Fantasy,2026-03-10,inferred
2026-03-30,2026-04-05,5,Love on the Spectrum: Season 4,2,3400000,5:57,20400000,Love on the Spectrum,Season 4,200731.0,Love on the Spectrum,7.837,Returning Series,Netflix,Reality,Documentary | Reality,2026-04-01,inferred
2026-03-30,2026-04-05,6,"Raw: 2026 - March 30, 2026",1,3000000,1:47,5500000,Raw,"2026 - March 30, 2026",4656.0,Raw,6.8,Returning Series,USA Network | Spike | Netflix | The New TNN,Scripted,Reality,,inferred
2026-03-30,2026-04-05,7,Homicide: New York: Season 2,2,2600000,4:13,10800000,Homicide: New York,Season 2,154731.0,New York Homicide,6.1,Returning Series,Oxygen,Documentary,Crime | Documentary,2023-06-10,inferred
2026-03-30,2026-04-05,8,Virgin River: Season 7,4,2400000,8:15,19900000,Virgin River,Season 7,88324.0,Virgin River,7.944,Returning Series,Netflix,Scripted,Drama,2026-03-12,inferred
2026-03-30,2026-04-05,9,Beauty in Black: Season 2,6,2300000,13:52,31700000,Beauty in Black,Season 2,246246.0,Beauty in Black,7.723,Returning Series,Netflix,Scripted,Drama,2025-09-10,inferred
2026-03-30,2026-04-05,10,Ripple: Season 1,1,2000000,5:35,11100000,Ripple,Season 1,263346.0,Ripple,6.521,Returning Series,Netflix,Scripted,Drama,2025-12-03,inferred
2026-04-06,2026-04-12,1,Trust Me: The False Prophet: Season 1,3,9800000,3:17,32100000,Trust Me: The False Prophet,Season 1,316898.0,Trust Me: The False Prophet,7.7,Ended,Netflix,Miniseries,Documentary | Crime,2026-04-08,inferred
2026-04-06,2026-04-12,2,"XO, Kitty: Season 3",3,7800000,4:20,34000000,"XO, Kitty",Season 3,195670.0,"XO, Kitty",8.098,Ended,Netflix,Scripted,Comedy | Drama,2026-04-02,inferred
2026-04-06,2026-04-12,3,Danny Go!: Season 1,4,5300000,2:02,10800000,Danny Go!,Season 1,258124.0,Danny Go!,8.0,Returning Series,Netflix,Scripted,Kids,2019-08-21,inferred
2026-04-06,2026-04-12,4,Love on the Spectrum: Season 4,2,3500000,5:57,20600000,Love on the Spectrum,Season 4,200731.0,Love on the Spectrum,7.837,Returning Series,Netflix,Reality,Documentary | Reality,2026-04-01,inferred
2026-04-06,2026-04-12,5,Something Very Bad Is Going to Happen: Season 1,3,3100000,6:21,19700000,Something Very Bad Is Going to Happen,Season 1,259265.0,Something Very Bad Is Going to Happen,6.4,Ended,Netflix,Miniseries,Drama | Mystery | Sci-Fi & Fantasy,2026-03-26,inferred
2026-04-06,2026-04-12,6,"Raw: 2026 - April 6, 2026",1,2900000,1:46,5500000,Raw,"2026 - April 6, 2026",4656.0,Raw,6.8,Returning Series,USA Network | Spike | Netflix | The New TNN,Scripted,Reality,,inferred
2026-04-06,2026-04-12,7,The Cleaning Lady: Season 1,2,2800000,7:16,20200000,The Cleaning Lady,Season 1,125282.0,The Cleaning Lady,7.429,Canceled,FOX,Scripted,Crime | Drama,2022-01-03,inferred
2026-04-06,2026-04-12,8,Big Mistakes: Season 1,2,2700000,4:27,12200000,Big Mistakes,Season 1,291506.0,Big Mistakes,6.809,Returning Series,Netflix,Scripted,Comedy | Crime,2026-04-09,inferred
2026-04-06,2026-04-12,9,ONE PIECE: Season 2,5,2200000,8:06,18200000,ONE PIECE,Season 2,111110.0,ONE PIECE,8.11,Returning Series,Netflix,Scripted,Action & Adventure | Sci-Fi & Fantasy,2026-03-10,inferred
2026-04-06,2026-04-12,10,Salish & Jordan Matter: Season 1,4,2100000,3:32,7400000,Salish & Jordan Matter,Season 1,318906.0,Salish & Jordan Matter,5.5,Returning Series,Netflix,Reality,Reality | Kids,2026-04-11,inferred
2026-04-13,2026-04-19,1,Trust Me: The False Prophet: Season 1,3,6900000,3:17,22700000,Trust Me: The False Prophet,Season 1,316898.0,Trust Me: The False Prophet,7.7,Ended,Netflix,Miniseries,Documentary | Crime,2026-04-08,inferred
2026-04-13,2026-04-19,2,Salish & Jordan Matter: Season 1,4,5000000,3:32,17700000,Salish & Jordan Matter,Season 1,318906.0,Salish & Jordan Matter,5.5,Returning Series,Netflix,Reality,Reality | Kids,2026-04-11,inferred
2026-04-13,2026-04-19,3,Big Mistakes: Season 1,2,4400000,4:27,19400000,Big Mistakes,Season 1,291506.0,Big Mistakes,6.809,Returning Series,Netflix,Scripted,Comedy | Crime,2026-04-09,inferred
2026-04-13,2026-04-19,4,"XO, Kitty: Season 3",3,3000000,4:20,13000000,"XO, Kitty",Season 3,195670.0,"XO, Kitty",8.098,Ended,Netflix,Scripted,Comedy | Drama,2026-04-02,inferred
2026-04-13,2026-04-19,5,"Raw: 2026 - April 13, 2026",1,2900000,1:53,5600000,Raw,"2026 - April 13, 2026",4656.0,Raw,6.8,Returning Series,USA Network | Spike | Netflix | The New TNN,Scripted,Reality,,inferred
2026-04-13,2026-04-19,6,At Home With The Furys: Season 2,1,2800000,6:00,16700000,At Home With The Furys,Season 2,230939.0,At Home with the Furys,8.1,Returning Series,Netflix,Reality,Reality | Family | Documentary,2026-04-12,inferred
2026-04-13,2026-04-19,7,The Cleaning Lady: Season 1,2,2600000,7:16,18800000,The Cleaning Lady,Season 1,125282.0,The Cleaning Lady,7.429,Canceled,FOX,Scripted,Crime | Drama,2022-01-03,inferred
2026-04-13,2026-04-19,8,Temptation Island: Season 2,1,2500000,8:43,21500000,Temptation Island,Season 2,28707.0,Temptation Island,6.0,Canceled,RTL 5 | Veronica | SBS6 | VT4,Reality,Reality,2003-03-01,inferred
2026-04-13,2026-04-19,9,Danny Go!: Season 1,4,2500000,2:02,5000000,Danny Go!,Season 1,258124.0,Danny Go!,8.0,Returning Series,Netflix,Scripted,Kids,2019-08-21,inferred
2026-04-13,2026-04-19,10,BEEF: Season 2,2,2400000,5:52,14100000,BEEF,Season 2,154385.0,BEEF,7.7,Returning Series,Netflix,Scripted,Comedy | Drama,2026-04-16,inferred
2026-04-20,2026-04-26,1,Unchosen: Season 1,3,10400000,4:30,46900000,Unchosen,Season 1,262848.0,Unchosen,6.912,Returning Series,Netflix,Scripted,Drama,2026-04-21,inferred
2026-04-20,2026-04-26,2,Running Point: Season 2,3,5300000,4:47,25200000,Running Point,Season 2,244623.0,Running Point,7.3,Returning Series,Netflix,Scripted,Comedy,2026-04-23,inferred
2026-04-20,2026-04-26,3,BEEF: Season 2,2,4100000,5:52,23800000,BEEF,Season 2,154385.0,BEEF,7.7,Returning Series,Netflix,Scripted,Comedy | Drama,2026-04-16,inferred
2026-04-20,2026-04-26,4,"Raw: 2026 - April 20, 2026",1,3300000,1:59,6600000,Raw,"2026 - April 20, 2026",4656.0,Raw,6.8,Returning Series,USA Network | Spike | Netflix | The New TNN,Scripted,Reality,,inferred
2026-04-20,2026-04-26,5,Hulk Hogan: Real American: Limited Series,2,3000000,4:08,12300000,Hulk Hogan: Real American,Limited Series,318880.0,Hulk Hogan: Real American,7.816,Ended,Netflix,Miniseries,Documentary,2026-04-22,defaulted
2026-04-20,2026-04-26,6,Salish & Jordan Matter: Season 1,4,2900000,3:32,10100000,Salish & Jordan Matter,Season 1,318906.0,Salish & Jordan Matter,5.5,Returning Series,Netflix,Reality,Reality | Kids,2026-04-11,inferred
2026-04-20,2026-04-26,7,Stranger Things: Tales From '85: Season 1,2,2800000,4:52,13800000,Stranger Things: Tales From '85,Season 1,224263.0,Stranger Things: Tales from '85,7.7,Returning Series,Netflix,Scripted,Animation | Sci-Fi & Fantasy | Mystery | Action & Adventure,2026-04-23,inferred
2026-04-20,2026-04-26,8,Trust Me: The False Prophet: Season 1,3,2600000,3:17,8600000,Trust Me: The False Prophet,Season 1,316898.0,Trust Me: The False Prophet,7.7,Ended,Netflix,Miniseries,Documentary | Crime,2026-04-08,inferred
2026-04-20,2026-04-26,9,The Staircase: Season 1,1,2600000,8:40,22700000,The Staircase,Season 1,122196.0,The Staircase,6.936,Ended,HBO Max,Miniseries,Drama | Crime,2022-05-05,inferred
2026-04-20,2026-04-26,10,Million Dollar Secret: Season 2,1,2600000,5:43,14600000,Million Dollar Secret,Season 2,285205.0,Million Dollar Secret,7.7,Returning Series,Netflix,Reality,Reality,2026-04-15,inferred
2026-04-27,2026-05-03,1,Man on Fire: Season 1,4,11000000,5:33,61000000,Man on Fire,Season 1,223386.0,Man on Fire,7.219,Returning Series,Netflix,Scripted,Action & Adventure | Crime,2026-04-30,inferred
2026-04-27,2026-05-03,2,Should I Marry A Murderer?: Limited Series,3,10600000,2:31,26800000,Should I Marry A Murderer?,Limited Series,318262.0,Should I Marry a Murderer?,6.6,Ended,Netflix,Miniseries,Documentary | Crime,2026-04-29,defaulted
2026-04-27,2026-05-03,3,Unchosen: Season 1,3,8800000,4:30,39700000,Unchosen,Season 1,262848.0,Unchosen,6.912,Returning Series,Netflix,Scripted,Drama,2026-04-21,inferred
2026-04-27,2026-05-03,4,Running Point: Season 2,3,6700000,4:47,32000000,Running Point,Season 2,244623.0,Running Point,7.3,Returning Series,Netflix,Scripted,Comedy,2026-04-23,inferred
2026-04-27,2026-05-03,5,Hulk Hogan: Real American: Limited Series,2,3100000,4:08,12900000,Hulk Hogan: Real American,Limited Series,318880.0,Hulk Hogan: Real American,7.816,Ended,Netflix,Miniseries,Documentary,2026-04-22,defaulted
2026-04-27,2026-05-03,6,"Raw: 2026 - April 27, 2026",1,2800000,1:47,5200000,Raw,"2026 - April 27, 2026",4656.0,Raw,6.8,Returning Series,USA Network | Spike | Netflix | The New TNN,Scripted,Reality,,inferred
2026-04-27,2026-05-03,7,Running Point: Season 1,6,2500000,5:04,12500000,Running Point,Season 1,244623.0,Running Point,7.3,Returning Series,Netflix,Scripted,Comedy,2025-02-27,inferred
2026-04-27,2026-05-03,8,Danny Go!: Season 1,4,2300000,2:02,4600000,Danny Go!,Season 1,258124.0,Danny Go!,8.0,Returning Series,Netflix,Scripted,Kids,2019-08-21,inferred
2026-04-27,2026-05-03,9,Salish & Jordan Matter: Season 1,4,2200000,3:32,7700000,Salish & Jordan Matter,Season 1,318906.0,Salish & Jordan Matter,5.5,Returning Series,Netflix,Reality,Reality | Kids,2026-04-11,inferred
2026-04-27,2026-05-03,10,Stranger Things: Tales From '85: Season 1,2,2100000,4:52,10100000,Stranger Things: Tales From '85,Season 1,224263.0,Stranger Things: Tales from '85,7.7,Returning Series,Netflix,Scripted,Animation | Sci-Fi & Fantasy | Mystery | Action & Adventure,2026-04-23,inferred
2026-05-04,2026-05-10,1,Man on Fire: Season 1,4,12600000,5:33,70200000,Man on Fire,Season 1,223386.0,Man on Fire,7.219,Returning Series,Netflix,Scripted,Action & Adventure | Crime,2026-04-30,inferred
2026-05-04,2026-05-10,2,Should I Marry A Murderer?: Limited Series,3,8000000,2:31,20100000,Should I Marry A Murderer?,Limited Series,318262.0,Should I Marry a Murderer?,6.6,Ended,Netflix,Miniseries,Documentary | Crime,2026-04-29,defaulted
2026-05-04,2026-05-10,3,Worst Ex Ever: Season 2,3,8000000,4:01,32000000,Worst Ex Ever,Season 2,259259.0,Worst Ex Ever,7.776,Returning Series,Netflix,Documentary,Crime | Documentary,2026-05-06,inferred
2026-05-04,2026-05-10,4,Legends: Season 1,3,3400000,5:54,20300000,Legends,Season 1,262280.0,Legends,7.894,Ended,Netflix,Miniseries,Action & Adventure | Crime | Drama,2026-05-07,inferred
2026-05-04,2026-05-10,5,Running Point: Season 2,3,3300000,4:47,15800000,Running Point,Season 2,244623.0,Running Point,7.3,Returning Series,Netflix,Scripted,Comedy,2026-04-23,inferred
2026-05-04,2026-05-10,6,Unchosen: Season 1,3,3100000,4:30,14100000,Unchosen,Season 1,262848.0,Unchosen,6.912,Returning Series,Netflix,Scripted,Drama,2026-04-21,inferred
2026-05-04,2026-05-10,7,"Raw: 2026 - May 4, 2026",1,2700000,1:36,4600000,Raw,"2026 - May 4, 2026",4656.0,Raw,6.8,Returning Series,USA Network | Spike | Netflix | The New TNN,Scripted,Reality,,inferred
2026-05-04,2026-05-10,8,Lord of the Flies: Limited Series,1,2500000,4:03,10300000,Lord of the Flies,Limited Series,270572.0,Lord of the Flies,7.574,Ended,BBC One,Miniseries,Drama | Action & Adventure,2026-02-08,defaulted
2026-05-04,2026-05-10,9,Funny AF with Kevin Hart: Season 1 - The Live Semifinals,1,2200000,1:11,2600000,Funny AF with Kevin Hart,Season 1 - The Live Semifinals,311991.0,Funny AF with Kevin Hart,5.5,Returning Series,Netflix,Reality,Comedy | Reality,2026-04-20,inferred
2026-05-04,2026-05-10,10,La Brea: Season 1,3,2100000,7:11,14900000,La Brea,Season 1,128839.0,La Brea,7.419,Ended,NBC,Scripted,Sci-Fi & Fantasy | Drama | Action & Adventure,2021-09-28,inferred
2026-05-11,2026-05-17,1,The Roast of Kevin Hart,2,13500000,2:52,38600000,The Roast of Kevin Hart,,1658982.0,The Roast of Kevin Hart,6.9,Released,,Movie,Comedy,2026-05-10,movie
2026-05-11,2026-05-17,2,Worst Ex Ever: Season 2,3,8100000,4:01,32600000,Worst Ex Ever,Season 2,259259.0,Worst Ex Ever,7.776,Returning Series,Netflix,Documentary,Crime | Documentary,2026-05-06,inferred
2026-05-11,2026-05-17,3,Nemesis: Season 1,2,7100000,7:47,55000000,Nemesis,Season 1,285807.0,Nemesis,6.905,Returning Series,Netflix,Scripted,Action & Adventure | Drama | Crime,2026-05-14,inferred
2026-05-11,2026-05-17,4,Legends: Season 1,3,6600000,5:54,38700000,Legends,Season 1,262280.0,Legends,7.894,Ended,Netflix,Miniseries,Action & Adventure | Crime | Drama,2026-05-07,inferred
2026-05-11,2026-05-17,5,Man on Fire: Season 1,4,5500000,5:33,30300000,Man on Fire,Season 1,223386.0,Man on Fire,7.219,Returning Series,Netflix,Scripted,Action & Adventure | Crime,2026-04-30,inferred
2026-05-11,2026-05-17,6,Devil May Cry: Season 2,2,4100000,4:46,19400000,Devil May Cry,Season 2,235930.0,Devil May Cry,8.205,Returning Series,Netflix,Scripted,Animation | Action & Adventure | Sci-Fi & Fantasy,2026-05-12,inferred
2026-05-11,2026-05-17,7,"Raw: 2026 - May 11, 2026",1,2600000,1:47,4800000,Raw,"2026 - May 11, 2026",4656.0,Raw,6.8,Returning Series,USA Network | Spike | Netflix | The New TNN,Scripted,Reality,,inferred
2026-05-11,2026-05-17,8,Should I Marry A Murderer?: Limited Series,3,2500000,2:31,6400000,Should I Marry A Murderer?,Limited Series,318262.0,Should I Marry a Murderer?,6.6,Ended,Netflix,Miniseries,Documentary | Crime,2026-04-29,defaulted
2026-05-11,2026-05-17,9,Perfect Match: Season 4,2,2300000,4:58,11300000,Perfect Match,Season 4,254821.0,Perfect Match,8.097,Ended,Mango TV,Scripted,Drama,,inferred
2026-05-11,2026-05-17,10,Danny Go!: Season 1,4,2100000,2:02,4300000,Danny Go!,Season 1,258124.0,Danny Go!,8.0,Returning Series,Netflix,Scripted,Kids,2019-08-21,inferred
2026-05-18,2026-05-24,1,Nemesis: Season 1,2,11400000,7:47,88900000,Nemesis,Season 1,285807.0,Nemesis,6.905,Returning Series,Netflix,Scripted,Action & Adventure | Drama | Crime,2026-05-14,inferred
2026-05-18,2026-05-24,2,The Boroughs: Season 1,1,5600000,6:15,35300000,The Boroughs,Season 1,224941.0,The Boroughs,7.324,Returning Series,Netflix,Scripted,Sci-Fi & Fantasy | Mystery,2026-05-21,inferred
2026-05-18,2026-05-24,3,Worst Ex Ever: Season 2,3,3600000,4:01,14600000,Worst Ex Ever,Season 2,259259.0,Worst Ex Ever,7.776,Returning Series,Netflix,Documentary,Crime | Documentary,2026-05-06,inferred
2026-05-18,2026-05-24,4,The Roast of Kevin Hart,2,3100000,2:52,9000000,The Roast of Kevin Hart,,1658982.0,The Roast of Kevin Hart,6.9,Released,,Movie,Comedy,2026-05-10,movie
2026-05-18,2026-05-24,5,Man on Fire: Season 1,4,3000000,5:33,16800000,Man on Fire,Season 1,223386.0,Man on Fire,7.219,Returning Series,Netflix,Scripted,Action & Adventure | Crime,2026-04-30,inferred
2026-05-18,2026-05-24,6,Legends: Season 1,3,2900000,5:54,17400000,Legends,Season 1,262280.0,Legends,7.894,Ended,Netflix,Miniseries,Action & Adventure | Crime | Drama,2026-05-07,inferred
2026-05-18,2026-05-24,7,"Raw: 2026 - May 18, 2026",1,2600000,1:43,4600000,Raw,"2026 - May 18, 2026",4656.0,Raw,6.832,Returning Series,USA Network | Spike | Netflix | The New TNN,Scripted,Reality,,inferred
2026-05-18,2026-05-24,8,Perfect Match: Season 4,2,2400000,7:04,17100000,Perfect Match,Season 4,254821.0,Perfect Match,8.097,Ended,Mango TV,Scripted,Drama,,inferred
2026-05-18,2026-05-24,9,Devil May Cry: Season 2,2,2300000,4:46,10800000,Devil May Cry,Season 2,235930.0,Devil May Cry,8.205,Returning Series,Netflix,Scripted,Animation | Action & Adventure | Sci-Fi & Fantasy,2026-05-12,inferred
2026-05-18,2026-05-24,10,Kylie: Limited Series,1,2100000,3:04,6400000,Kylie,Limited Series,320472.0,Kylie,8.6,Ended,Netflix,Miniseries,Documentary,2026-05-20,defaulted
